year,month,countrycode,predicted_temperature,country
2040,1,0,1.0528837,Afghanistan
2040,2,0,3.5865757,Afghanistan
2040,3,0,8.447007,Afghanistan
2040,4,0,15.89362,Afghanistan
2040,5,0,18.530462,Afghanistan
2040,6,0,25.154514,Afghanistan
2040,7,0,27.033722,Afghanistan
2040,8,0,24.777086,Afghanistan
2040,9,0,20.44575,Afghanistan
2040,10,0,15.839197,Afghanistan
2040,11,0,7.4595885,Afghanistan
2040,12,0,3.8879197,Afghanistan
2040,1,1,21.801172,Africa
2040,2,1,22.975632,Africa
2040,3,1,24.632296,Africa
2040,4,1,25.15737,Africa
2040,5,1,25.720207,Africa
2040,6,1,25.743448,Africa
2040,7,1,25.330593,Africa
2040,8,1,25.49054,Africa
2040,9,1,25.877417,Africa
2040,10,1,25.245514,Africa
2040,11,1,22.960732,Africa
2040,12,1,21.502932,Africa
2040,1,2,4.231931,Albania
2040,2,2,5.512734,Albania
2040,3,2,8.066762,Albania
2040,4,2,11.324998,Albania
2040,5,2,16.020224,Albania
2040,6,2,19.945915,Albania
2040,7,2,21.660183,Albania
2040,8,2,21.656929,Albania
2040,9,2,18.2147,Albania
2040,10,2,13.3522005,Albania
2040,11,2,8.84673,Albania
2040,12,2,5.7184496,Albania
2040,1,3,13.36347,Algeria
2040,2,3,15.790081,Algeria
2040,3,3,18.84118,Algeria
2040,4,3,22.653627,Algeria
2040,5,3,27.008154,Algeria
2040,6,3,31.522434,Algeria
2040,7,3,33.49554,Algeria
2040,8,3,33.16418,Algeria
2040,9,3,29.547424,Algeria
2040,10,3,24.07124,Algeria
2040,11,3,17.18154,Algeria
2040,12,3,13.235558,Algeria
2040,1,4,27.314798,American Samoa
2040,2,4,27.485636,American Samoa
2040,3,4,27.564383,American Samoa
2040,4,4,26.729998,American Samoa
2040,5,4,27.066626,American Samoa
2040,6,4,26.977528,American Samoa
2040,7,4,26.609783,American Samoa
2040,8,4,26.59161,American Samoa
2040,9,4,26.65709,American Samoa
2040,10,4,26.440922,American Samoa
2040,11,4,26.567574,American Samoa
2040,12,4,26.712582,American Samoa
2040,1,5,4.1732817,Andorra
2040,2,5,5.580658,Andorra
2040,3,5,7.87033,Andorra
2040,4,5,9.696769,Andorra
2040,5,5,13.15509,Andorra
2040,6,5,17.308163,Andorra
2040,7,5,19.270956,Andorra
2040,8,5,19.261316,Andorra
2040,9,5,16.591759,Andorra
2040,10,5,12.387979,Andorra
2040,11,5,7.2532506,Andorra
2040,12,5,5.3131714,Andorra
2040,1,6,23.081924,Angola
2040,2,6,22.873774,Angola
2040,3,6,23.247915,Angola
2040,4,6,22.392855,Angola
2040,5,6,21.109104,Angola
2040,6,6,19.707539,Angola
2040,7,6,19.48899,Angola
2040,8,6,20.848366,Angola
2040,9,6,22.647451,Angola
2040,10,6,23.626513,Angola
2040,11,6,23.143614,Angola
2040,12,6,22.891468,Angola
2040,1,7,25.052292,Anguilla
2040,2,7,25.515816,Anguilla
2040,3,7,26.142788,Anguilla
2040,4,7,26.064497,Anguilla
2040,5,7,26.993343,Anguilla
2040,6,7,27.968441,Anguilla
2040,7,7,27.848595,Anguilla
2040,8,7,28.372189,Anguilla
2040,9,7,28.500488,Anguilla
2040,10,7,27.831076,Anguilla
2040,11,7,26.955149,Anguilla
2040,12,7,25.919449,Anguilla
2040,1,8,25.048084,Antigua And Barbuda
2040,2,8,25.445452,Antigua And Barbuda
2040,3,8,26.17618,Antigua And Barbuda
2040,4,8,26.029068,Antigua And Barbuda
2040,5,8,26.957914,Antigua And Barbuda
2040,6,8,27.891556,Antigua And Barbuda
2040,7,8,27.779358,Antigua And Barbuda
2040,8,8,28.25339,Antigua And Barbuda
2040,9,8,28.303406,Antigua And Barbuda
2040,10,8,27.609354,Antigua And Barbuda
2040,11,8,26.759312,Antigua And Barbuda
2040,12,8,25.776348,Antigua And Barbuda
2040,1,9,21.68163,Argentina
2040,2,9,20.789022,Argentina
2040,3,9,18.501728,Argentina
2040,4,9,14.696833,Argentina
2040,5,9,11.684812,Argentina
2040,6,9,8.864972,Argentina
2040,7,9,8.561229,Argentina
2040,8,9,9.995526,Argentina
2040,9,9,12.706278,Argentina
2040,10,9,15.389098,Argentina
2040,11,9,17.821863,Argentina
2040,12,9,20.30599,Argentina
2040,1,10,-2.669577,Armenia
2040,2,10,-0.59654725,Armenia
2040,3,10,3.5221665,Armenia
2040,4,10,8.906837,Armenia
2040,5,10,13.9435215,Armenia
2040,6,10,17.800274,Armenia
2040,7,10,20.73617,Armenia
2040,8,10,21.32665,Armenia
2040,9,10,17.246767,Armenia
2040,10,10,10.792882,Armenia
2040,11,10,5.3081884,Armenia
2040,12,10,-0.55346483,Armenia
2040,1,11,26.415598,Aruba
2040,2,11,26.713123,Aruba
2040,3,11,27.383375,Aruba
2040,4,11,27.22819,Aruba
2040,5,11,28.719452,Aruba
2040,6,11,29.71051,Aruba
2040,7,11,30.167795,Aruba
2040,8,11,30.391151,Aruba
2040,9,11,29.837975,Aruba
2040,10,11,29.038586,Aruba
2040,11,11,28.367214,Aruba
2040,12,11,27.422194,Aruba
2040,1,12,-7.141836,Asia
2040,2,12,-4.058907,Asia
2040,3,12,1.4898909,Asia
2040,4,12,8.470616,Asia
2040,5,12,14.944951,Asia
2040,6,12,19.358715,Asia
2040,7,12,21.002321,Asia
2040,8,12,19.841274,Asia
2040,9,12,15.531828,Asia
2040,10,12,8.705701,Asia
2040,11,12,1.0456336,Asia
2040,12,12,-4.7178416,Asia
2040,1,13,28.2755,Australia
2040,2,13,27.776752,Australia
2040,3,13,26.188934,Australia
2040,4,13,22.06409,Australia
2040,5,13,18.26677,Australia
2040,6,13,15.674254,Australia
2040,7,13,14.999006,Australia
2040,8,13,16.368677,Australia
2040,9,13,19.499638,Australia
2040,10,13,22.93907,Australia
2040,11,13,25.607851,Australia
2040,12,13,27.930984,Australia
2040,1,14,-3.947598,Austria
2040,2,14,-1.6944839,Austria
2040,3,14,2.5133169,Austria
2040,4,14,6.070555,Austria
2040,5,14,11.2044325,Austria
2040,6,14,14.3933325,Austria
2040,7,14,15.325767,Austria
2040,8,14,15.069606,Austria
2040,9,14,11.960401,Austria
2040,10,14,7.39809,Austria
2040,11,14,2.0257025,Austria
2040,12,14,-0.7144023,Austria
2040,1,15,0.08798905,Azerbaijan
2040,2,15,1.5447345,Azerbaijan
2040,3,15,5.2609205,Azerbaijan
2040,4,15,10.02593,Azerbaijan
2040,5,15,16.142555,Azerbaijan
2040,6,15,20.553057,Azerbaijan
2040,7,15,22.97563,Azerbaijan
2040,8,15,23.108377,Azerbaijan
2040,9,15,18.96272,Azerbaijan
2040,10,15,13.557966,Azerbaijan
2040,11,15,7.340029,Azerbaijan
2040,12,15,3.195988,Azerbaijan
2040,1,16,22.040342,Bahamas
2040,2,16,21.980267,Bahamas
2040,3,16,23.803478,Bahamas
2040,4,16,24.774807,Bahamas
2040,5,16,26.619104,Bahamas
2040,6,16,28.172808,Bahamas
2040,7,16,28.656458,Bahamas
2040,8,16,28.95938,Bahamas
2040,9,16,28.402992,Bahamas
2040,10,16,26.968538,Bahamas
2040,11,16,25.122133,Bahamas
2040,12,16,23.20836,Bahamas
2040,1,17,16.251348,Bahrain
2040,2,17,18.092365,Bahrain
2040,3,17,21.415194,Bahrain
2040,4,17,25.407347,Bahrain
2040,5,17,30.404379,Bahrain
2040,6,17,33.81635,Bahrain
2040,7,17,34.4965,Bahrain
2040,8,17,34.594006,Bahrain
2040,9,17,32.40707,Bahrain
2040,10,17,28.835964,Bahrain
2040,11,17,23.971142,Bahrain
2040,12,17,18.834219,Bahrain
2040,1,18,25.452486,Baker Island
2040,2,18,26.043835,Baker Island
2040,3,18,26.494318,Baker Island
2040,4,18,26.231077,Baker Island
2040,5,18,26.3047,Baker Island
2040,6,18,25.86998,Baker Island
2040,7,18,25.459675,Baker Island
2040,8,18,25.736158,Baker Island
2040,9,18,25.87091,Baker Island
2040,10,18,25.630817,Baker Island
2040,11,18,25.92526,Baker Island
2040,12,18,25.722391,Baker Island
2040,1,19,18.927376,Bangladesh
2040,2,19,21.324953,Bangladesh
2040,3,19,25.610338,Bangladesh
2040,4,19,27.465124,Bangladesh
2040,5,19,28.372065,Bangladesh
2040,6,19,28.634518,Bangladesh
2040,7,19,28.325401,Bangladesh
2040,8,19,28.494726,Bangladesh
2040,9,19,28.048038,Bangladesh
2040,10,19,26.77668,Bangladesh
2040,11,19,24.390207,Bangladesh
2040,12,19,20.166685,Bangladesh
2040,1,20,25.131329,Barbados
2040,2,20,25.686838,Barbados
2040,3,20,26.39186,Barbados
2040,4,20,26.702723,Barbados
2040,5,20,27.665834,Barbados
2040,6,20,27.80552,Barbados
2040,7,20,27.553272,Barbados
2040,8,20,27.79236,Barbados
2040,9,20,27.658401,Barbados
2040,10,20,27.310976,Barbados
2040,11,20,26.96856,Barbados
2040,12,20,26.372797,Barbados
2040,1,21,-7.8636284,Belarus
2040,2,21,-6.5654216,Belarus
2040,3,21,-0.9104481,Belarus
2040,4,21,6.1841984,Belarus
2040,5,21,12.671041,Belarus
2040,6,21,16.194895,Belarus
2040,7,21,16.742725,Belarus
2040,8,21,16.689602,Belarus
2040,9,21,11.60639,Belarus
2040,10,21,5.485341,Belarus
2040,11,21,1.3137993,Belarus
2040,12,21,-3.3439577,Belarus
2040,1,22,0.6835554,Belgium
2040,2,22,2.034447,Belgium
2040,3,22,4.9783034,Belgium
2040,4,22,9.413816,Belgium
2040,5,22,13.123842,Belgium
2040,6,22,15.819377,Belgium
2040,7,22,16.755243,Belgium
2040,8,22,16.773611,Belgium
2040,9,22,14.561389,Belgium
2040,10,22,10.2906,Belgium
2040,11,22,5.579989,Belgium
2040,12,22,3.8684154,Belgium
2040,1,23,22.36185,Belize
2040,2,23,23.767853,Belize
2040,3,23,26.164948,Belize
2040,4,23,26.484995,Belize
2040,5,23,27.110636,Belize
2040,6,23,27.337612,Belize
2040,7,23,26.604942,Belize
2040,8,23,26.684635,Belize
2040,9,23,26.487965,Belize
2040,10,23,25.552622,Belize
2040,11,23,24.41725,Belize
2040,12,23,22.989786,Belize
2040,1,24,26.519167,Benin
2040,2,24,28.75071,Benin
2040,3,24,30.284021,Benin
2040,4,24,29.788008,Benin
2040,5,24,29.062775,Benin
2040,6,24,27.256098,Benin
2040,7,24,25.993452,Benin
2040,8,24,25.863928,Benin
2040,9,24,26.050703,Benin
2040,10,24,27.245258,Benin
2040,11,24,27.524185,Benin
2040,12,24,26.309649,Benin
2040,1,25,4.075989,Bhutan
2040,2,25,6.087496,Bhutan
2040,3,25,10.002525,Bhutan
2040,4,25,12.854163,Bhutan
2040,5,25,15.540885,Bhutan
2040,6,25,17.397236,Bhutan
2040,7,25,17.56338,Bhutan
2040,8,25,17.617968,Bhutan
2040,9,25,16.70227,Bhutan
2040,10,25,13.65224,Bhutan
2040,11,25,9.221568,Bhutan
2040,12,25,6.5523005,Bhutan
2040,1,26,21.82807,Bolivia
2040,2,26,22.54454,Bolivia
2040,3,26,22.782913,Bolivia
2040,4,26,20.984169,Bolivia
2040,5,26,19.65672,Bolivia
2040,6,26,18.843426,Bolivia
2040,7,26,18.333189,Bolivia
2040,8,26,19.767427,Bolivia
2040,9,26,21.65112,Bolivia
2040,10,26,22.62383,Bolivia
2040,11,26,23.293072,Bolivia
2040,12,26,22.34421,Bolivia
2040,1,27,25.460468,"Bonaire, Saint Eustatius And Saba"
2040,2,27,26.139507,"Bonaire, Saint Eustatius And Saba"
2040,3,27,26.927069,"Bonaire, Saint Eustatius And Saba"
2040,4,27,26.984545,"Bonaire, Saint Eustatius And Saba"
2040,5,27,27.694767,"Bonaire, Saint Eustatius And Saba"
2040,6,27,28.469385,"Bonaire, Saint Eustatius And Saba"
2040,7,27,28.572979,"Bonaire, Saint Eustatius And Saba"
2040,8,27,28.832418,"Bonaire, Saint Eustatius And Saba"
2040,9,27,28.971354,"Bonaire, Saint Eustatius And Saba"
2040,10,27,28.411032,"Bonaire, Saint Eustatius And Saba"
2040,11,27,27.791067,"Bonaire, Saint Eustatius And Saba"
2040,12,27,26.55552,"Bonaire, Saint Eustatius And Saba"
2040,1,28,0.28896585,Bosnia And Herzegovina
2040,2,28,3.3031192,Bosnia And Herzegovina
2040,3,28,6.8422737,Bosnia And Herzegovina
2040,4,28,10.12805,Bosnia And Herzegovina
2040,5,28,15.040499,Bosnia And Herzegovina
2040,6,28,18.113945,Bosnia And Herzegovina
2040,7,28,19.360022,Bosnia And Herzegovina
2040,8,28,19.512548,Bosnia And Herzegovina
2040,9,28,16.24939,Bosnia And Herzegovina
2040,10,28,10.929641,Bosnia And Herzegovina
2040,11,28,6.805713,Bosnia And Herzegovina
2040,12,28,3.743042,Bosnia And Herzegovina
2040,1,29,26.454002,Botswana
2040,2,29,25.587448,Botswana
2040,3,29,24.224161,Botswana
2040,4,29,21.829344,Botswana
2040,5,29,18.768429,Botswana
2040,6,29,16.268948,Botswana
2040,7,29,15.785673,Botswana
2040,8,29,17.963331,Botswana
2040,9,29,22.116972,Botswana
2040,10,29,25.20556,Botswana
2040,11,29,26.05531,Botswana
2040,12,29,26.306057,Botswana
2040,1,30,25.48905,Brazil
2040,2,30,25.773893,Brazil
2040,3,30,25.701708,Brazil
2040,4,30,24.574453,Brazil
2040,5,30,24.305052,Brazil
2040,6,30,24.101528,Brazil
2040,7,30,23.775826,Brazil
2040,8,30,24.521498,Brazil
2040,9,30,25.22502,Brazil
2040,10,30,26.154766,Brazil
2040,11,30,26.01156,Brazil
2040,12,30,25.674326,Brazil
2040,1,31,24.736584,British Virgin Islands
2040,2,31,25.11389,British Virgin Islands
2040,3,31,25.72799,British Virgin Islands
2040,4,31,25.74262,British Virgin Islands
2040,5,31,26.826569,British Virgin Islands
2040,6,31,27.858719,British Virgin Islands
2040,7,31,27.746727,British Virgin Islands
2040,8,31,27.941607,British Virgin Islands
2040,9,31,27.88961,British Virgin Islands
2040,10,31,27.621895,British Virgin Islands
2040,11,31,26.850397,British Virgin Islands
2040,12,31,25.777655,British Virgin Islands
2040,1,32,0.25043854,Bulgaria
2040,2,32,2.2831242,Bulgaria
2040,3,32,5.840977,Bulgaria
2040,4,32,10.358488,Bulgaria
2040,5,32,15.311485,Bulgaria
2040,6,32,18.97998,Bulgaria
2040,7,32,20.460312,Bulgaria
2040,8,32,20.481031,Bulgaria
2040,9,32,16.903255,Bulgaria
2040,10,32,11.575907,Bulgaria
2040,11,32,6.748502,Bulgaria
2040,12,32,2.3081024,Bulgaria
2040,1,33,25.286171,Burkina Faso
2040,2,33,28.046476,Burkina Faso
2040,3,33,30.997993,Burkina Faso
2040,4,33,31.955038,Burkina Faso
2040,5,33,31.659761,Burkina Faso
2040,6,33,29.610996,Burkina Faso
2040,7,33,27.542965,Burkina Faso
2040,8,33,26.883823,Burkina Faso
2040,9,33,27.266209,Burkina Faso
2040,10,33,28.870039,Burkina Faso
2040,11,33,27.59892,Burkina Faso
2040,12,33,25.542389,Burkina Faso
2040,1,34,19.256153,Burma
2040,2,34,21.254896,Burma
2040,3,34,24.667963,Burma
2040,4,34,26.184843,Burma
2040,5,34,26.978342,Burma
2040,6,34,26.588871,Burma
2040,7,34,26.2011,Burma
2040,8,34,26.040348,Burma
2040,9,34,26.050867,Burma
2040,10,34,24.772932,Burma
2040,11,34,22.733555,Burma
2040,12,34,19.96838,Burma
2040,1,35,19.997194,Burundi
2040,2,35,20.412554,Burundi
2040,3,35,20.541327,Burundi
2040,4,35,20.02047,Burundi
2040,5,35,20.602245,Burundi
2040,6,35,20.227617,Burundi
2040,7,35,20.136906,Burundi
2040,8,35,20.717644,Burundi
2040,9,35,21.18424,Burundi
2040,10,35,20.825611,Burundi
2040,11,35,20.13437,Burundi
2040,12,35,19.701944,Burundi
2040,1,36,25.594797,Cambodia
2040,2,36,26.921206,Cambodia
2040,3,36,28.823551,Cambodia
2040,4,36,29.304823,Cambodia
2040,5,36,28.857887,Cambodia
2040,6,36,27.93068,Cambodia
2040,7,36,27.376362,Cambodia
2040,8,36,27.275434,Cambodia
2040,9,36,26.99405,Cambodia
2040,10,36,26.509283,Cambodia
2040,11,36,25.915857,Cambodia
2040,12,36,24.933102,Cambodia
2040,1,37,24.201563,Cameroon
2040,2,37,25.358465,Cameroon
2040,3,37,26.525179,Cameroon
2040,4,37,26.102407,Cameroon
2040,5,37,25.509228,Cameroon
2040,6,37,24.508125,Cameroon
2040,7,37,23.746733,Cameroon
2040,8,37,23.708118,Cameroon
2040,9,37,23.864695,Cameroon
2040,10,37,24.361856,Cameroon
2040,11,37,24.540283,Cameroon
2040,12,37,23.99847,Cameroon
2040,1,38,-22.76234,Canada
2040,2,38,-21.180391,Canada
2040,3,38,-15.380352,Canada
2040,4,38,-6.893038,Canada
2040,5,38,2.5435786,Canada
2040,6,38,9.261685,Canada
2040,7,38,12.47365,Canada
2040,8,38,11.412932,Canada
2040,9,38,5.6103683,Canada
2040,10,38,-1.8094771,Canada
2040,11,38,-11.402724,Canada
2040,12,38,-18.390318,Canada
2040,1,39,22.274822,Cape Verde
2040,2,39,22.450048,Cape Verde
2040,3,39,22.979147,Cape Verde
2040,4,39,23.072483,Cape Verde
2040,5,39,23.892439,Cape Verde
2040,6,39,24.943151,Cape Verde
2040,7,39,25.589012,Cape Verde
2040,8,39,26.56566,Cape Verde
2040,9,39,27.07121,Cape Verde
2040,10,39,26.739428,Cape Verde
2040,11,39,25.654512,Cape Verde
2040,12,39,23.977468,Cape Verde
2040,1,40,24.774857,Cayman Islands
2040,2,40,25.072617,Cayman Islands
2040,3,40,26.052109,Cayman Islands
2040,4,40,26.629534,Cayman Islands
2040,5,40,27.691076,Cayman Islands
2040,6,40,28.53685,Cayman Islands
2040,7,40,28.734255,Cayman Islands
2040,8,40,28.937828,Cayman Islands
2040,9,40,28.644495,Cayman Islands
2040,10,40,27.80495,Cayman Islands
2040,11,40,26.928469,Cayman Islands
2040,12,40,25.57695,Cayman Islands
2040,1,41,25.289711,Central African Republic
2040,2,41,26.506968,Central African Republic
2040,3,41,27.48646,Central African Republic
2040,4,41,27.290386,Central African Republic
2040,5,41,26.556486,Central African Republic
2040,6,41,25.696568,Central African Republic
2040,7,41,25.000813,Central African Republic
2040,8,41,24.951893,Central African Republic
2040,9,41,24.922438,Central African Republic
2040,10,41,25.056982,Central African Republic
2040,11,41,24.986319,Central African Republic
2040,12,41,24.221601,Central African Republic
2040,1,42,22.357584,Chad
2040,2,42,24.451813,Chad
2040,3,42,27.716803,Chad
2040,4,42,30.030262,Chad
2040,5,42,31.021238,Chad
2040,6,42,30.696352,Chad
2040,7,42,28.901512,Chad
2040,8,42,28.765997,Chad
2040,9,42,28.596024,Chad
2040,10,42,27.952406,Chad
2040,11,42,25.805756,Chad
2040,12,42,23.095324,Chad
2040,1,43,13.887651,Chile
2040,2,43,13.910259,Chile
2040,3,43,11.85097,Chile
2040,4,43,9.856656,Chile
2040,5,43,7.6895275,Chile
2040,6,43,6.183152,Chile
2040,7,43,5.8233194,Chile
2040,8,43,6.4891763,Chile
2040,9,43,7.7722588,Chile
2040,10,43,9.690428,Chile
2040,11,43,11.447202,Chile
2040,12,43,13.108597,Chile
2040,1,44,-8.126905,China
2040,2,44,-4.484298,China
2040,3,44,2.1451492,China
2040,4,44,8.082883,China
2040,5,44,14.226324,China
2040,6,44,17.81438,China
2040,7,44,19.13752,China
2040,8,44,18.764084,China
2040,9,44,14.299595,China
2040,10,44,8.089156,China
2040,11,44,0.2270585,China
2040,12,44,-5.2773833,China
2040,1,45,26.451267,Christmas Island
2040,2,45,26.81069,Christmas Island
2040,3,45,26.958956,Christmas Island
2040,4,45,26.626009,Christmas Island
2040,5,45,26.431887,Christmas Island
2040,6,45,26.163567,Christmas Island
2040,7,45,25.522415,Christmas Island
2040,8,45,25.55346,Christmas Island
2040,9,45,25.558035,Christmas Island
2040,10,45,25.893805,Christmas Island
2040,11,45,26.186832,Christmas Island
2040,12,45,26.400753,Christmas Island
2040,1,46,25.374054,Colombia
2040,2,46,25.940882,Colombia
2040,3,46,25.891207,Colombia
2040,4,46,25.363739,Colombia
2040,5,46,25.20141,Colombia
2040,6,46,24.902164,Colombia
2040,7,46,24.720362,Colombia
2040,8,46,24.977142,Colombia
2040,9,46,25.08944,Colombia
2040,10,46,24.965225,Colombia
2040,11,46,25.146082,Colombia
2040,12,46,25.229614,Colombia
2040,1,47,27.255096,Comoros
2040,2,47,27.556784,Comoros
2040,3,47,27.516783,Comoros
2040,4,47,26.651905,Comoros
2040,5,47,26.147242,Comoros
2040,6,47,25.057798,Comoros
2040,7,47,24.034063,Comoros
2040,8,47,24.100845,Comoros
2040,9,47,24.45706,Comoros
2040,10,47,25.452326,Comoros
2040,11,47,26.6419,Comoros
2040,12,47,27.144625,Comoros
2040,1,48,25.009357,Congo
2040,2,48,25.576185,Congo
2040,3,48,26.067247,Congo
2040,4,48,25.651657,Congo
2040,5,48,25.37427,Congo
2040,6,48,24.322931,Congo
2040,7,48,23.70269,Congo
2040,8,48,23.813185,Congo
2040,9,48,24.387032,Congo
2040,10,48,24.795206,Congo
2040,11,48,24.77168,Congo
2040,12,48,24.834171,Congo
2040,1,49,24.129696,Congo (Democratic Republic Of The)
2040,2,49,24.626602,Congo (Democratic Republic Of The)
2040,3,49,24.943953,Congo (Democratic Republic Of The)
2040,4,49,24.577868,Congo (Democratic Republic Of The)
2040,5,49,24.284231,Congo (Democratic Republic Of The)
2040,6,49,23.67716,Congo (Democratic Republic Of The)
2040,7,49,23.174032,Congo (Democratic Republic Of The)
2040,8,49,23.508495,Congo (Democratic Republic Of The)
2040,9,49,24.194643,Congo (Democratic Republic Of The)
2040,10,49,24.483845,Congo (Democratic Republic Of The)
2040,11,49,24.116924,Congo (Democratic Republic Of The)
2040,12,49,24.054213,Congo (Democratic Republic Of The)
2040,1,50,25.563673,Costa Rica
2040,2,50,26.163511,Costa Rica
2040,3,50,26.803747,Costa Rica
2040,4,50,26.738382,Costa Rica
2040,5,50,26.840187,Costa Rica
2040,6,50,26.202374,Costa Rica
2040,7,50,25.974468,Costa Rica
2040,8,50,26.084963,Costa Rica
2040,9,50,25.688778,Costa Rica
2040,10,50,25.393007,Costa Rica
2040,11,50,25.235317,Costa Rica
2040,12,50,25.378904,Costa Rica
2040,1,51,0.89924145,Croatia
2040,2,51,2.5586224,Croatia
2040,3,51,8.177256,Croatia
2040,4,51,10.986606,Croatia
2040,5,51,16.069502,Croatia
2040,6,51,19.40939,Croatia
2040,7,51,20.071709,Croatia
2040,8,51,19.851147,Croatia
2040,9,51,16.970114,Croatia
2040,10,51,12.024144,Croatia
2040,11,51,7.481822,Croatia
2040,12,51,4.7884235,Croatia
2040,1,52,22.699373,Cuba
2040,2,52,23.530293,Cuba
2040,3,52,24.06868,Cuba
2040,4,52,25.022804,Cuba
2040,5,52,26.418207,Cuba
2040,6,52,27.525635,Cuba
2040,7,52,27.757116,Cuba
2040,8,52,27.920557,Cuba
2040,9,52,27.673513,Cuba
2040,10,52,26.836195,Cuba
2040,11,52,25.173672,Cuba
2040,12,52,24.169855,Cuba
2040,1,53,25.98995,Curaçao
2040,2,53,26.788918,Curaçao
2040,3,53,26.446737,Curaçao
2040,4,53,27.121935,Curaçao
2040,5,53,28.268847,Curaçao
2040,6,53,28.933146,Curaçao
2040,7,53,29.342064,Curaçao
2040,8,53,29.498125,Curaçao
2040,9,53,29.220522,Curaçao
2040,10,53,28.61828,Curaçao
2040,11,53,27.685835,Curaçao
2040,12,53,26.451548,Curaçao
2040,1,54,11.640353,Cyprus
2040,2,54,12.695313,Cyprus
2040,3,54,14.287084,Cyprus
2040,4,54,16.99508,Cyprus
2040,5,54,20.9596,Cyprus
2040,6,54,24.719397,Cyprus
2040,7,54,26.187054,Cyprus
2040,8,54,26.286657,Cyprus
2040,9,54,25.036354,Cyprus
2040,10,54,21.821257,Cyprus
2040,11,54,18.606073,Cyprus
2040,12,54,14.1742525,Cyprus
2040,1,55,-2.338604,Czech Republic
2040,2,55,-1.3751578,Czech Republic
2040,3,55,3.3433936,Czech Republic
2040,4,55,8.048969,Czech Republic
2040,5,55,12.305854,Czech Republic
2040,6,55,16.020994,Czech Republic
2040,7,55,16.4491,Czech Republic
2040,8,55,16.736582,Czech Republic
2040,9,55,13.41168,Czech Republic
2040,10,55,8.406886,Czech Republic
2040,11,55,3.5266962,Czech Republic
2040,12,55,0.19502485,Czech Republic
2040,1,56,26.167566,Côte D'Ivoire
2040,2,56,27.635357,Côte D'Ivoire
2040,3,56,28.212582,Côte D'Ivoire
2040,4,56,26.938778,Côte D'Ivoire
2040,5,56,26.966896,Côte D'Ivoire
2040,6,56,26.024809,Côte D'Ivoire
2040,7,56,25.176502,Côte D'Ivoire
2040,8,56,25.190424,Côte D'Ivoire
2040,9,56,25.008923,Côte D'Ivoire
2040,10,56,25.72873,Côte D'Ivoire
2040,11,56,26.324324,Côte D'Ivoire
2040,12,56,25.53997,Côte D'Ivoire
2040,1,57,-30.250933,Denmark
2040,2,57,-29.67929,Denmark
2040,3,57,-26.162422,Denmark
2040,4,57,-22.357426,Denmark
2040,5,57,-11.027661,Denmark
2040,6,57,-4.5396047,Denmark
2040,7,57,-2.3660922,Denmark
2040,8,57,-3.989546,Denmark
2040,9,57,-11.026618,Denmark
2040,10,57,-18.843576,Denmark
2040,11,57,-26.66882,Denmark
2040,12,57,-27.448484,Denmark
2040,1,58,-1.4844031,Denmark (Europe)
2040,2,58,-0.8258519,Denmark (Europe)
2040,3,58,1.8461719,Denmark (Europe)
2040,4,58,5.270402,Denmark (Europe)
2040,5,58,10.949335,Denmark (Europe)
2040,6,58,15.004574,Denmark (Europe)
2040,7,58,16.259323,Denmark (Europe)
2040,8,58,16.086058,Denmark (Europe)
2040,9,58,12.990289,Denmark (Europe)
2040,10,58,9.252878,Denmark (Europe)
2040,11,58,4.6867366,Denmark (Europe)
2040,12,58,1.9883004,Denmark (Europe)
2040,1,59,24.685728,Djibouti
2040,2,59,25.87136,Djibouti
2040,3,59,27.26551,Djibouti
2040,4,59,28.71852,Djibouti
2040,5,59,30.496984,Djibouti
2040,6,59,32.59138,Djibouti
2040,7,59,33.001587,Djibouti
2040,8,59,32.82831,Djibouti
2040,9,59,31.523153,Djibouti
2040,10,59,28.82434,Djibouti
2040,11,59,26.802425,Djibouti
2040,12,59,25.347458,Djibouti
2040,1,60,24.411074,Dominica
2040,2,60,24.980785,Dominica
2040,3,60,25.710043,Dominica
2040,4,60,26.015377,Dominica
2040,5,60,26.788567,Dominica
2040,6,60,27.648441,Dominica
2040,7,60,27.432697,Dominica
2040,8,60,27.617558,Dominica
2040,9,60,27.30085,Dominica
2040,10,60,27.277634,Dominica
2040,11,60,26.661413,Dominica
2040,12,60,25.822186,Dominica
2040,1,61,23.651415,Dominican Republic
2040,2,61,24.32333,Dominican Republic
2040,3,61,24.993357,Dominican Republic
2040,4,61,25.87268,Dominican Republic
2040,5,61,25.933985,Dominican Republic
2040,6,61,27.100657,Dominican Republic
2040,7,61,27.205376,Dominican Republic
2040,8,61,27.44695,Dominican Republic
2040,9,61,27.040852,Dominican Republic
2040,10,61,26.913956,Dominican Republic
2040,11,61,26.057556,Dominican Republic
2040,12,61,24.894571,Dominican Republic
2040,1,62,21.934536,Ecuador
2040,2,62,22.538504,Ecuador
2040,3,62,23.008919,Ecuador
2040,4,62,22.29479,Ecuador
2040,5,62,22.330345,Ecuador
2040,6,62,22.119686,Ecuador
2040,7,62,21.553276,Ecuador
2040,8,62,21.725262,Ecuador
2040,9,62,21.777008,Ecuador
2040,10,62,21.754126,Ecuador
2040,11,62,22.139875,Ecuador
2040,12,62,22.387415,Ecuador
2040,1,63,14.100061,Egypt
2040,2,63,15.612261,Egypt
2040,3,63,19.476105,Egypt
2040,4,63,23.177485,Egypt
2040,5,63,27.474022,Egypt
2040,6,63,29.421732,Egypt
2040,7,63,29.693172,Egypt
2040,8,63,29.771715,Egypt
2040,9,63,28.114443,Egypt
2040,10,63,25.140163,Egypt
2040,11,63,20.228521,Egypt
2040,12,63,14.615634,Egypt
2040,1,64,24.001293,El Salvador
2040,2,64,25.037024,El Salvador
2040,3,64,26.105045,El Salvador
2040,4,64,26.648905,El Salvador
2040,5,64,26.3652,El Salvador
2040,6,64,26.076263,El Salvador
2040,7,64,25.669577,El Salvador
2040,8,64,25.57887,El Salvador
2040,9,64,25.217207,El Salvador
2040,10,64,25.02565,El Salvador
2040,11,64,24.60805,El Salvador
2040,12,64,24.360428,El Salvador
2040,1,65,25.196293,Equatorial Guinea
2040,2,65,25.865675,Equatorial Guinea
2040,3,65,26.500809,Equatorial Guinea
2040,4,65,26.591352,Equatorial Guinea
2040,5,65,25.875805,Equatorial Guinea
2040,6,65,25.010445,Equatorial Guinea
2040,7,65,23.922337,Equatorial Guinea
2040,8,65,24.177597,Equatorial Guinea
2040,9,65,24.81921,Equatorial Guinea
2040,10,65,25.081974,Equatorial Guinea
2040,11,65,25.341585,Equatorial Guinea
2040,12,65,25.699686,Equatorial Guinea
2040,1,66,22.932856,Eritrea
2040,2,66,24.157738,Eritrea
2040,3,66,26.180695,Eritrea
2040,4,66,27.930887,Eritrea
2040,5,66,29.239277,Eritrea
2040,6,66,30.13272,Eritrea
2040,7,66,29.055744,Eritrea
2040,8,66,28.952814,Eritrea
2040,9,66,28.283047,Eritrea
2040,10,66,27.560907,Eritrea
2040,11,66,26.014257,Eritrea
2040,12,66,23.86339,Eritrea
2040,1,67,-7.4294105,Estonia
2040,2,67,-6.771147,Estonia
2040,3,67,-1.4588478,Estonia
2040,4,67,3.4220364,Estonia
2040,5,67,10.587066,Estonia
2040,6,67,15.232951,Estonia
2040,7,67,16.749208,Estonia
2040,8,67,16.065634,Estonia
2040,9,67,11.293246,Estonia
2040,10,67,5.3709702,Estonia
2040,11,67,1.3021863,Estonia
2040,12,67,-3.934494,Estonia
2040,1,68,21.695932,Ethiopia
2040,2,68,22.74812,Ethiopia
2040,3,68,24.312407,Ethiopia
2040,4,68,24.325005,Ethiopia
2040,5,68,24.253448,Ethiopia
2040,6,68,24.159224,Ethiopia
2040,7,68,23.269608,Ethiopia
2040,8,68,23.265274,Ethiopia
2040,9,68,23.222795,Ethiopia
2040,10,68,22.716005,Ethiopia
2040,11,68,22.251354,Ethiopia
2040,12,68,21.712545,Ethiopia
2040,1,69,-1.7548589,Europe
2040,2,69,-0.5001375,Europe
2040,3,69,2.9158287,Europe
2040,4,69,7.1993766,Europe
2040,5,69,12.668693,Europe
2040,6,69,16.470669,Europe
2040,7,69,17.367502,Europe
2040,8,69,17.265965,Europe
2040,9,69,14.029286,Europe
2040,10,69,8.987263,Europe
2040,11,69,3.830414,Europe
2040,12,69,0.8141948,Europe
2040,1,70,9.072575,Falkland Islands (Islas Malvinas)
2040,2,70,9.974367,Falkland Islands (Islas Malvinas)
2040,3,70,9.408365,Falkland Islands (Islas Malvinas)
2040,4,70,6.741064,Falkland Islands (Islas Malvinas)
2040,5,70,4.708313,Falkland Islands (Islas Malvinas)
2040,6,70,3.6703281,Falkland Islands (Islas Malvinas)
2040,7,70,3.356034,Falkland Islands (Islas Malvinas)
2040,8,70,3.3516448,Falkland Islands (Islas Malvinas)
2040,9,70,3.7815788,Falkland Islands (Islas Malvinas)
2040,10,70,5.612367,Falkland Islands (Islas Malvinas)
2040,11,70,6.9349513,Falkland Islands (Islas Malvinas)
2040,12,70,8.534061,Falkland Islands (Islas Malvinas)
2040,1,71,3.404288,Faroe Islands
2040,2,71,4.0194564,Faroe Islands
2040,3,71,4.5287285,Faroe Islands
2040,4,71,4.845238,Faroe Islands
2040,5,71,6.735028,Faroe Islands
2040,6,71,8.566699,Faroe Islands
2040,7,71,9.782282,Faroe Islands
2040,8,71,9.934749,Faroe Islands
2040,9,71,9.254219,Faroe Islands
2040,10,71,7.3716936,Faroe Islands
2040,11,71,5.799619,Faroe Islands
2040,12,71,5.287905,Faroe Islands
2040,1,72,26.616953,Federated States Of Micronesia
2040,2,72,27.244576,Federated States Of Micronesia
2040,3,72,27.37813,Federated States Of Micronesia
2040,4,72,26.658327,Federated States Of Micronesia
2040,5,72,26.746805,Federated States Of Micronesia
2040,6,72,27.213985,Federated States Of Micronesia
2040,7,72,26.790344,Federated States Of Micronesia
2040,8,72,26.856812,Federated States Of Micronesia
2040,9,72,26.69067,Federated States Of Micronesia
2040,10,72,26.948025,Federated States Of Micronesia
2040,11,72,27.199541,Federated States Of Micronesia
2040,12,72,27.397253,Federated States Of Micronesia
2040,1,73,26.049967,Fiji
2040,2,73,26.689398,Fiji
2040,3,73,26.787968,Fiji
2040,4,73,25.65724,Fiji
2040,5,73,24.83942,Fiji
2040,6,73,24.62596,Fiji
2040,7,73,24.098864,Fiji
2040,8,73,23.874199,Fiji
2040,9,73,24.093048,Fiji
2040,10,73,24.642029,Fiji
2040,11,73,25.427845,Fiji
2040,12,73,26.221664,Fiji
2040,1,74,-11.694242,Finland
2040,2,74,-10.461061,Finland
2040,3,74,-6.115916,Finland
2040,4,74,-0.78124464,Finland
2040,5,74,6.2478366,Finland
2040,6,74,12.376825,Finland
2040,7,74,14.181002,Finland
2040,8,74,13.235263,Finland
2040,9,74,7.8343883,Finland
2040,10,74,1.7881305,Finland
2040,11,74,-3.2404656,Finland
2040,12,74,-7.865801,Finland
2040,1,75,5.6751933,France
2040,2,75,7.322028,France
2040,3,75,9.737143,France
2040,4,75,11.775311,France
2040,5,75,14.708086,France
2040,6,75,17.928102,France
2040,7,75,19.259388,France
2040,8,75,18.972527,France
2040,9,75,17.182772,France
2040,10,75,13.501416,France
2040,11,75,9.949758,France
2040,12,75,7.950243,France
2040,1,76,2.1922677,France (Europe)
2040,2,76,3.8732185,France (Europe)
2040,3,76,6.896148,France (Europe)
2040,4,76,8.969693,France (Europe)
2040,5,76,13.078645,France (Europe)
2040,6,76,16.555164,France (Europe)
2040,7,76,18.06964,France (Europe)
2040,8,76,17.79847,France (Europe)
2040,9,76,15.732721,France (Europe)
2040,10,76,11.417186,France (Europe)
2040,11,76,7.0530624,France (Europe)
2040,12,76,4.7119,France (Europe)
2040,1,77,25.179085,French Guiana
2040,2,77,25.72215,French Guiana
2040,3,77,25.782084,French Guiana
2040,4,77,26.081684,French Guiana
2040,5,77,25.78897,French Guiana
2040,6,77,26.135418,French Guiana
2040,7,77,26.03208,French Guiana
2040,8,77,26.156445,French Guiana
2040,9,77,26.380798,French Guiana
2040,10,77,26.66604,French Guiana
2040,11,77,26.76699,French Guiana
2040,12,77,26.5694,French Guiana
2040,1,78,26.843689,French Polynesia
2040,2,78,27.539656,French Polynesia
2040,3,78,27.343922,French Polynesia
2040,4,78,26.916729,French Polynesia
2040,5,78,26.507364,French Polynesia
2040,6,78,26.057323,French Polynesia
2040,7,78,25.407713,French Polynesia
2040,8,78,25.206875,French Polynesia
2040,9,78,25.558542,French Polynesia
2040,10,78,26.208216,French Polynesia
2040,11,78,26.544939,French Polynesia
2040,12,78,26.981628,French Polynesia
2040,1,79,8.361758,French Southern And Antarctic Lands
2040,2,79,8.277575,French Southern And Antarctic Lands
2040,3,79,7.601767,French Southern And Antarctic Lands
2040,4,79,5.869627,French Southern And Antarctic Lands
2040,5,79,4.4191704,French Southern And Antarctic Lands
2040,6,79,2.9744515,French Southern And Antarctic Lands
2040,7,79,2.3491452,French Southern And Antarctic Lands
2040,8,79,2.2546744,French Southern And Antarctic Lands
2040,9,79,2.2991595,French Southern And Antarctic Lands
2040,10,79,3.3886375,French Southern And Antarctic Lands
2040,11,79,5.556852,French Southern And Antarctic Lands
2040,12,79,7.96334,French Southern And Antarctic Lands
2040,1,80,24.958311,Gabon
2040,2,80,25.619946,Gabon
2040,3,80,25.278534,Gabon
2040,4,80,25.40033,Gabon
2040,5,80,25.59261,Gabon
2040,6,80,23.81899,Gabon
2040,7,80,23.058992,Gabon
2040,8,80,23.112291,Gabon
2040,9,80,23.914518,Gabon
2040,10,80,24.696814,Gabon
2040,11,80,24.881735,Gabon
2040,12,80,25.078768,Gabon
2040,1,81,25.205236,Gambia
2040,2,81,27.067226,Gambia
2040,3,81,28.200016,Gambia
2040,4,81,29.324303,Gambia
2040,5,81,30.539886,Gambia
2040,6,81,29.772423,Gambia
2040,7,81,28.543688,Gambia
2040,8,81,28.044716,Gambia
2040,9,81,28.027266,Gambia
2040,10,81,28.25357,Gambia
2040,11,81,27.221992,Gambia
2040,12,81,25.506605,Gambia
2040,1,82,11.431489,Gaza Strip
2040,2,82,12.880316,Gaza Strip
2040,3,82,15.798785,Gaza Strip
2040,4,82,19.146051,Gaza Strip
2040,5,82,22.45022,Gaza Strip
2040,6,82,25.485516,Gaza Strip
2040,7,82,26.567392,Gaza Strip
2040,8,82,27.064278,Gaza Strip
2040,9,82,25.364256,Gaza Strip
2040,10,82,22.082304,Gaza Strip
2040,11,82,17.87123,Gaza Strip
2040,12,82,12.487506,Gaza Strip
2040,1,83,-2.0729325,Georgia
2040,2,83,-0.565977,Georgia
2040,3,83,3.5662134,Georgia
2040,4,83,7.48932,Georgia
2040,5,83,12.844334,Georgia
2040,6,83,16.41517,Georgia
2040,7,83,18.57809,Georgia
2040,8,83,18.718382,Georgia
2040,9,83,15.205277,Georgia
2040,10,83,10.107709,Georgia
2040,11,83,4.915846,Georgia
2040,12,83,0.25269902,Georgia
2040,1,84,-1.29967,Germany
2040,2,84,0.14504468,Germany
2040,3,84,4.0566044,Germany
2040,4,84,7.5149455,Germany
2040,5,84,12.463089,Germany
2040,6,84,15.765929,Germany
2040,7,84,16.836285,Germany
2040,8,84,16.748674,Germany
2040,9,84,13.621225,Germany
2040,10,84,8.946597,Germany
2040,11,84,4.1844234,Germany
2040,12,84,1.4871728,Germany
2040,1,85,26.94459,Ghana
2040,2,85,28.493414,Ghana
2040,3,85,28.799551,Ghana
2040,4,85,28.370663,Ghana
2040,5,85,27.357178,Ghana
2040,6,85,26.456013,Ghana
2040,7,85,25.76493,Ghana
2040,8,85,25.474636,Ghana
2040,9,85,25.552813,Ghana
2040,10,85,26.449398,Ghana
2040,11,85,26.979677,Ghana
2040,12,85,26.637268,Ghana
2040,1,86,5.9520164,Greece
2040,2,86,7.5941734,Greece
2040,3,86,10.128792,Greece
2040,4,86,13.354772,Greece
2040,5,86,17.830507,Greece
2040,6,86,21.9391,Greece
2040,7,86,23.40981,Greece
2040,8,86,23.498867,Greece
2040,9,86,20.301853,Greece
2040,10,86,16.064676,Greece
2040,11,86,11.80071,Greece
2040,12,86,8.702698,Greece
2040,1,87,-30.623375,Greenland
2040,2,87,-29.665714,Greenland
2040,3,87,-27.75836,Greenland
2040,4,87,-22.44117,Greenland
2040,5,87,-11.638643,Greenland
2040,6,87,-4.265899,Greenland
2040,7,87,-2.460999,Greenland
2040,8,87,-4.030516,Greenland
2040,9,87,-11.403196,Greenland
2040,10,87,-19.918201,Greenland
2040,11,87,-25.725796,Greenland
2040,12,87,-29.005367,Greenland
2040,1,88,26.015656,Grenada
2040,2,88,26.244356,Grenada
2040,3,88,26.5999,Grenada
2040,4,88,26.797445,Grenada
2040,5,88,27.63609,Grenada
2040,6,88,27.643635,Grenada
2040,7,88,27.657862,Grenada
2040,8,88,27.663822,Grenada
2040,9,88,27.68311,Grenada
2040,10,88,27.687252,Grenada
2040,11,88,27.168518,Grenada
2040,12,88,26.899317,Grenada
2040,1,89,25.078642,Guadeloupe
2040,2,89,25.333754,Guadeloupe
2040,3,89,25.839752,Guadeloupe
2040,4,89,26.160084,Guadeloupe
2040,5,89,27.047497,Guadeloupe
2040,6,89,27.641249,Guadeloupe
2040,7,89,27.655476,Guadeloupe
2040,8,89,27.670933,Guadeloupe
2040,9,89,27.688744,Guadeloupe
2040,10,89,27.441414,Guadeloupe
2040,11,89,26.876865,Guadeloupe
2040,12,89,26.153608,Guadeloupe
2040,1,90,26.016247,Guam
2040,2,90,26.31341,Guam
2040,3,90,26.863623,Guam
2040,4,90,26.901133,Guam
2040,5,90,27.709803,Guam
2040,6,90,27.824823,Guam
2040,7,90,27.495522,Guam
2040,8,90,27.451494,Guam
2040,9,90,27.374205,Guam
2040,10,90,27.447527,Guam
2040,11,90,27.464722,Guam
2040,12,90,27.179354,Guam
2040,1,91,21.058905,Guatemala
2040,2,91,21.927818,Guatemala
2040,3,91,23.596235,Guatemala
2040,4,91,24.431261,Guatemala
2040,5,91,25.426826,Guatemala
2040,6,91,24.90489,Guatemala
2040,7,91,24.48641,Guatemala
2040,8,91,24.555418,Guatemala
2040,9,91,24.150301,Guatemala
2040,10,91,23.581516,Guatemala
2040,11,91,22.5805,Guatemala
2040,12,91,21.32858,Guatemala
2040,1,92,5.524051,Guernsey
2040,2,92,5.8683777,Guernsey
2040,3,92,7.754586,Guernsey
2040,4,92,9.037003,Guernsey
2040,5,92,11.133555,Guernsey
2040,6,92,14.040642,Guernsey
2040,7,92,15.667176,Guernsey
2040,8,92,15.943433,Guernsey
2040,9,92,15.246077,Guernsey
2040,10,92,13.540101,Guernsey
2040,11,92,10.731726,Guernsey
2040,12,92,8.544882,Guernsey
2040,1,93,24.246426,Guinea
2040,2,93,26.455822,Guinea
2040,3,93,28.039185,Guinea
2040,4,93,28.060652,Guinea
2040,5,93,27.534372,Guinea
2040,6,93,26.026346,Guinea
2040,7,93,24.729668,Guinea
2040,8,93,24.545755,Guinea
2040,9,93,24.762669,Guinea
2040,10,93,25.394129,Guinea
2040,11,93,25.034828,Guinea
2040,12,93,24.501772,Guinea
2040,1,94,25.484913,Guinea Bissau
2040,2,94,26.852272,Guinea Bissau
2040,3,94,28.307909,Guinea Bissau
2040,4,94,28.817825,Guinea Bissau
2040,5,94,28.516886,Guinea Bissau
2040,6,94,28.249472,Guinea Bissau
2040,7,94,26.560844,Guinea Bissau
2040,8,94,26.136488,Guinea Bissau
2040,9,94,26.536469,Guinea Bissau
2040,10,94,27.136644,Guinea Bissau
2040,11,94,26.767002,Guinea Bissau
2040,12,94,25.551535,Guinea Bissau
2040,1,95,25.461573,Guyana
2040,2,95,25.761784,Guyana
2040,3,95,26.323364,Guyana
2040,4,95,25.898388,Guyana
2040,5,95,26.173992,Guyana
2040,6,95,26.14386,Guyana
2040,7,95,26.107136,Guyana
2040,8,95,26.405632,Guyana
2040,9,95,26.855547,Guyana
2040,10,95,27.217823,Guyana
2040,11,95,26.6476,Guyana
2040,12,95,26.438848,Guyana
2040,1,96,24.924385,Haiti
2040,2,96,25.187798,Haiti
2040,3,96,25.46045,Haiti
2040,4,96,26.2576,Haiti
2040,5,96,26.775017,Haiti
2040,6,96,27.590378,Haiti
2040,7,96,27.783976,Haiti
2040,8,96,27.903397,Haiti
2040,9,96,27.808794,Haiti
2040,10,96,27.557802,Haiti
2040,11,96,26.854792,Haiti
2040,12,96,26.119324,Haiti
2040,1,97,4.7621446,Heard Island And Mcdonald Islands
2040,2,97,4.9936953,Heard Island And Mcdonald Islands
2040,3,97,4.740984,Heard Island And Mcdonald Islands
2040,4,97,3.008463,Heard Island And Mcdonald Islands
2040,5,97,1.6817939,Heard Island And Mcdonald Islands
2040,6,97,0.30005848,Heard Island And Mcdonald Islands
2040,7,97,-0.051000554,Heard Island And Mcdonald Islands
2040,8,97,-0.03667804,Heard Island And Mcdonald Islands
2040,9,97,-0.4121518,Heard Island And Mcdonald Islands
2040,10,97,0.9655405,Heard Island And Mcdonald Islands
2040,11,97,3.3265958,Heard Island And Mcdonald Islands
2040,12,97,4.780379,Heard Island And Mcdonald Islands
2040,1,98,23.097258,Honduras
2040,2,98,23.689226,Honduras
2040,3,98,25.643072,Honduras
2040,4,98,26.461952,Honduras
2040,5,98,27.028584,Honduras
2040,6,98,26.44083,Honduras
2040,7,98,26.07442,Honduras
2040,8,98,26.08712,Honduras
2040,9,98,25.927397,Honduras
2040,10,98,24.742184,Honduras
2040,11,98,23.654179,Honduras
2040,12,98,23.257412,Honduras
2040,1,99,16.366804,Hong Kong
2040,2,99,17.401266,Hong Kong
2040,3,99,19.231579,Hong Kong
2040,4,99,22.690437,Hong Kong
2040,5,99,25.82355,Hong Kong
2040,6,99,28.012093,Hong Kong
2040,7,99,28.181156,Hong Kong
2040,8,99,28.14259,Hong Kong
2040,9,99,27.264404,Hong Kong
2040,10,99,25.16519,Hong Kong
2040,11,99,21.297956,Hong Kong
2040,12,99,18.421202,Hong Kong
2040,1,100,-1.7365618,Hungary
2040,2,100,0.580662,Hungary
2040,3,100,6.092032,Hungary
2040,4,100,9.883904,Hungary
2040,5,100,15.593126,Hungary
2040,6,100,18.989662,Hungary
2040,7,100,19.706419,Hungary
2040,8,100,19.562532,Hungary
2040,9,100,16.529432,Hungary
2040,10,100,10.209299,Hungary
2040,11,100,5.5603933,Hungary
2040,12,100,0.19788527,Hungary
2040,1,101,-4.6581316,Iceland
2040,2,101,-3.5442302,Iceland
2040,3,101,-2.7679434,Iceland
2040,4,101,-0.6769669,Iceland
2040,5,101,2.6737392,Iceland
2040,6,101,7.0139546,Iceland
2040,7,101,8.022611,Iceland
2040,8,101,7.765692,Iceland
2040,9,101,4.644006,Iceland
2040,10,101,1.9099932,Iceland
2040,11,101,-1.4556246,Iceland
2040,12,101,-2.960261,Iceland
2040,1,102,16.931377,India
2040,2,102,20.100615,India
2040,3,102,24.25348,India
2040,4,102,27.299776,India
2040,5,102,29.349777,India
2040,6,102,29.10956,India
2040,7,102,26.968145,India
2040,8,102,26.784874,India
2040,9,102,26.54133,India
2040,10,102,24.682354,India
2040,11,102,21.167068,India
2040,12,102,18.25237,India
2040,1,103,25.545696,Indonesia
2040,2,103,26.049574,Indonesia
2040,3,103,25.752436,Indonesia
2040,4,103,25.989098,Indonesia
2040,5,103,26.763582,Indonesia
2040,6,103,26.673908,Indonesia
2040,7,103,25.700417,Indonesia
2040,8,103,25.816446,Indonesia
2040,9,103,26.07403,Indonesia
2040,10,103,26.036768,Indonesia
2040,11,103,26.142962,Indonesia
2040,12,103,26.086077,Indonesia
2040,1,104,5.546984,Iran
2040,2,104,8.039552,Iran
2040,3,104,12.888646,Iran
2040,4,104,17.407831,Iran
2040,5,104,22.980745,Iran
2040,6,104,27.51063,Iran
2040,7,104,29.03128,Iran
2040,8,104,28.439728,Iran
2040,9,104,24.639952,Iran
2040,10,104,19.108145,Iran
2040,11,104,12.594173,Iran
2040,12,104,7.7961287,Iran
2040,1,105,9.728551,Iraq
2040,2,105,12.6521015,Iraq
2040,3,105,16.754705,Iraq
2040,4,105,21.724749,Iraq
2040,5,105,28.134811,Iraq
2040,6,105,32.29969,Iraq
2040,7,105,34.200935,Iraq
2040,8,105,33.910526,Iraq
2040,9,105,30.83348,Iraq
2040,10,105,24.602743,Iraq
2040,11,105,17.264174,Iraq
2040,12,105,11.195363,Iraq
2040,1,106,3.0093012,Ireland
2040,2,106,3.908772,Ireland
2040,3,106,5.9063563,Ireland
2040,4,106,7.495838,Ireland
2040,5,106,10.064202,Ireland
2040,6,106,13.525394,Ireland
2040,7,106,14.8076725,Ireland
2040,8,106,14.534489,Ireland
2040,9,106,13.128392,Ireland
2040,10,106,10.871506,Ireland
2040,11,106,7.9523,Ireland
2040,12,106,6.065328,Ireland
2040,1,107,3.46786,Isle Of Man
2040,2,107,3.6958935,Isle Of Man
2040,3,107,5.0149374,Isle Of Man
2040,4,107,6.4154425,Isle Of Man
2040,5,107,8.957616,Isle Of Man
2040,6,107,12.336395,Isle Of Man
2040,7,107,14.420837,Isle Of Man
2040,8,107,14.718874,Isle Of Man
2040,9,107,13.359595,Isle Of Man
2040,10,107,11.647145,Isle Of Man
2040,11,107,8.750045,Isle Of Man
2040,12,107,7.482006,Isle Of Man
2040,1,108,12.047085,Israel
2040,2,108,13.306565,Israel
2040,3,108,15.851304,Israel
2040,4,108,18.730186,Israel
2040,5,108,22.80755,Israel
2040,6,108,26.031801,Israel
2040,7,108,27.170353,Israel
2040,8,108,27.307838,Israel
2040,9,108,25.948376,Israel
2040,10,108,22.84187,Israel
2040,11,108,18.176594,Israel
2040,12,108,13.097019,Israel
2040,1,109,4.550525,Italy
2040,2,109,5.810009,Italy
2040,3,109,8.962635,Italy
2040,4,109,11.0639305,Italy
2040,5,109,15.49794,Italy
2040,6,109,19.77922,Italy
2040,7,109,21.404732,Italy
2040,8,109,21.429996,Italy
2040,9,109,18.978683,Italy
2040,10,109,14.241804,Italy
2040,11,109,9.79907,Italy
2040,12,109,6.3945622,Italy
2040,1,110,24.326393,Jamaica
2040,2,110,24.92692,Jamaica
2040,3,110,25.276041,Jamaica
2040,4,110,25.805866,Jamaica
2040,5,110,26.672453,Jamaica
2040,6,110,27.828579,Jamaica
2040,7,110,28.098251,Jamaica
2040,8,110,28.216448,Jamaica
2040,9,110,27.61638,Jamaica
2040,10,110,26.709263,Jamaica
2040,11,110,25.97719,Jamaica
2040,12,110,25.372486,Jamaica
2040,1,111,1.1347696,Japan
2040,2,111,2.089459,Japan
2040,3,111,5.6367574,Japan
2040,4,111,10.31595,Japan
2040,5,111,14.704716,Japan
2040,6,111,19.261578,Japan
2040,7,111,22.754007,Japan
2040,8,111,23.935514,Japan
2040,9,111,20.349415,Japan
2040,10,111,14.98801,Japan
2040,11,111,9.868641,Japan
2040,12,111,5.282931,Japan
2040,1,112,5.7671785,Jersey
2040,2,112,6.193891,Jersey
2040,3,112,7.601326,Jersey
2040,4,112,8.554392,Jersey
2040,5,112,11.34114,Jersey
2040,6,112,13.911058,Jersey
2040,7,112,16.017326,Jersey
2040,8,112,16.549675,Jersey
2040,9,112,15.70616,Jersey
2040,10,112,13.404053,Jersey
2040,11,112,10.50578,Jersey
2040,12,112,8.740452,Jersey
2040,1,113,9.587227,Jordan
2040,2,113,11.573566,Jordan
2040,3,113,15.135047,Jordan
2040,4,113,19.036842,Jordan
2040,5,113,23.931784,Jordan
2040,6,113,27.577501,Jordan
2040,7,113,28.930597,Jordan
2040,8,113,28.801004,Jordan
2040,9,113,26.523949,Jordan
2040,10,113,22.180368,Jordan
2040,11,113,16.595598,Jordan
2040,12,113,11.161558,Jordan
2040,1,114,-13.961933,Kazakhstan
2040,2,114,-11.0299,Kazakhstan
2040,3,114,-3.8671339,Kazakhstan
2040,4,114,8.068084,Kazakhstan
2040,5,114,15.934447,Kazakhstan
2040,6,114,20.347525,Kazakhstan
2040,7,114,22.852596,Kazakhstan
2040,8,114,21.46131,Kazakhstan
2040,9,114,15.145645,Kazakhstan
2040,10,114,6.4139814,Kazakhstan
2040,11,114,-1.6227335,Kazakhstan
2040,12,114,-9.185295,Kazakhstan
2040,1,115,24.852306,Kenya
2040,2,115,25.551537,Kenya
2040,3,115,26.143055,Kenya
2040,4,115,24.364666,Kenya
2040,5,115,24.247343,Kenya
2040,6,115,23.684135,Kenya
2040,7,115,23.10165,Kenya
2040,8,115,23.239227,Kenya
2040,9,115,23.964746,Kenya
2040,10,115,24.50789,Kenya
2040,11,115,24.17168,Kenya
2040,12,115,24.729998,Kenya
2040,1,116,26.91618,Kingman Reef
2040,2,116,26.86566,Kingman Reef
2040,3,116,27.352797,Kingman Reef
2040,4,116,27.716469,Kingman Reef
2040,5,116,27.513319,Kingman Reef
2040,6,116,27.619114,Kingman Reef
2040,7,116,27.624578,Kingman Reef
2040,8,116,27.715927,Kingman Reef
2040,9,116,27.631258,Kingman Reef
2040,10,116,27.649216,Kingman Reef
2040,11,116,27.064608,Kingman Reef
2040,12,116,27.955904,Kingman Reef
2040,1,117,26.465967,Kiribati
2040,2,117,26.141426,Kiribati
2040,3,117,26.589811,Kiribati
2040,4,117,26.922956,Kiribati
2040,5,117,27.437605,Kiribati
2040,6,117,27.828062,Kiribati
2040,7,117,27.674503,Kiribati
2040,8,117,27.765852,Kiribati
2040,9,117,27.489254,Kiribati
2040,10,117,27.200136,Kiribati
2040,11,117,26.33536,Kiribati
2040,12,117,27.135761,Kiribati
2040,1,118,13.533432,Kuwait
2040,2,118,16.319899,Kuwait
2040,3,118,20.335007,Kuwait
2040,4,118,25.223824,Kuwait
2040,5,118,30.72018,Kuwait
2040,6,118,34.589302,Kuwait
2040,7,118,35.7439,Kuwait
2040,8,118,35.286263,Kuwait
2040,9,118,32.871655,Kuwait
2040,10,118,27.71952,Kuwait
2040,11,118,21.519575,Kuwait
2040,12,118,15.244653,Kuwait
2040,1,119,-12.795359,Kyrgyzstan
2040,2,119,-7.594765,Kyrgyzstan
2040,3,119,-2.2179406,Kyrgyzstan
2040,4,119,6.1424327,Kyrgyzstan
2040,5,119,10.972089,Kyrgyzstan
2040,6,119,15.027903,Kyrgyzstan
2040,7,119,16.581896,Kyrgyzstan
2040,8,119,16.245277,Kyrgyzstan
2040,9,119,11.5112915,Kyrgyzstan
2040,10,119,4.2751107,Kyrgyzstan
2040,11,119,-2.159116,Kyrgyzstan
2040,12,119,-8.384304,Kyrgyzstan
2040,1,120,19.199009,Laos
2040,2,120,20.765799,Laos
2040,3,120,23.633596,Laos
2040,4,120,25.860653,Laos
2040,5,120,27.57784,Laos
2040,6,120,27.85748,Laos
2040,7,120,27.376213,Laos
2040,8,120,27.08263,Laos
2040,9,120,26.076578,Laos
2040,10,120,24.180653,Laos
2040,11,120,21.440424,Laos
2040,12,120,19.506433,Laos
2040,1,121,-7.261211,Latvia
2040,2,121,-5.7963758,Latvia
2040,3,121,-0.67473143,Latvia
2040,4,121,5.127562,Latvia
2040,5,121,11.608207,Latvia
2040,6,121,15.59168,Latvia
2040,7,121,16.517857,Latvia
2040,8,121,16.076094,Latvia
2040,9,121,11.610513,Latvia
2040,10,121,5.2174325,Latvia
2040,11,121,0.874374,Latvia
2040,12,121,-3.9882188,Latvia
2040,1,122,9.365785,Lebanon
2040,2,122,11.024367,Lebanon
2040,3,122,13.824348,Lebanon
2040,4,122,16.790493,Lebanon
2040,5,122,21.076828,Lebanon
2040,6,122,24.523504,Lebanon
2040,7,122,25.650446,Lebanon
2040,8,122,26.08592,Lebanon
2040,9,122,24.46354,Lebanon
2040,10,122,20.858877,Lebanon
2040,11,122,15.886122,Lebanon
2040,12,122,11.078204,Lebanon
2040,1,123,19.7624,Lesotho
2040,2,123,19.06436,Lesotho
2040,3,123,17.113415,Lesotho
2040,4,123,13.010658,Lesotho
2040,5,123,9.795929,Lesotho
2040,6,123,7.5545,Lesotho
2040,7,123,7.207152,Lesotho
2040,8,123,8.6296215,Lesotho
2040,9,123,11.848233,Lesotho
2040,10,123,15.679289,Lesotho
2040,11,123,17.01122,Lesotho
2040,12,123,19.074848,Lesotho
2040,1,124,25.771084,Liberia
2040,2,124,26.600697,Liberia
2040,3,124,27.609425,Liberia
2040,4,124,26.994993,Liberia
2040,5,124,25.840048,Liberia
2040,6,124,25.895212,Liberia
2040,7,124,24.433228,Liberia
2040,8,124,24.614607,Liberia
2040,9,124,25.070002,Liberia
2040,10,124,25.406431,Liberia
2040,11,124,25.948318,Liberia
2040,12,124,26.03119,Liberia
2040,1,125,13.003277,Libya
2040,2,125,15.5166235,Libya
2040,3,125,18.84707,Libya
2040,4,125,22.597635,Libya
2040,5,125,27.19045,Libya
2040,6,125,29.823862,Libya
2040,7,125,29.833426,Libya
2040,8,125,29.658825,Libya
2040,9,125,27.890299,Libya
2040,10,125,24.462706,Libya
2040,11,125,18.888224,Libya
2040,12,125,14.395909,Libya
2040,1,126,-4.796216,Liechtenstein
2040,2,126,-3.9589193,Liechtenstein
2040,3,126,0.62304634,Liechtenstein
2040,4,126,3.5957096,Liechtenstein
2040,5,126,8.961459,Liechtenstein
2040,6,126,12.797785,Liechtenstein
2040,7,126,13.518954,Liechtenstein
2040,8,126,13.45816,Liechtenstein
2040,9,126,10.63437,Liechtenstein
2040,10,126,5.3676276,Liechtenstein
2040,11,126,0.6339982,Liechtenstein
2040,12,126,-2.9826236,Liechtenstein
2040,1,127,-5.9515896,Lithuania
2040,2,127,-5.114293,Lithuania
2040,3,127,-0.20887753,Lithuania
2040,4,127,5.3996058,Lithuania
2040,5,127,11.428024,Lithuania
2040,6,127,15.918525,Lithuania
2040,7,127,16.453714,Lithuania
2040,8,127,16.394331,Lithuania
2040,9,127,11.799354,Lithuania
2040,10,127,6.354428,Lithuania
2040,11,127,2.591251,Lithuania
2040,12,127,-2.0291476,Lithuania
2040,1,128,0.4698097,Luxembourg
2040,2,128,1.3071095,Luxembourg
2040,3,128,5.514384,Luxembourg
2040,4,128,8.109844,Luxembourg
2040,5,128,13.016326,Luxembourg
2040,6,128,16.46423,Luxembourg
2040,7,128,17.353786,Luxembourg
2040,8,128,17.203033,Luxembourg
2040,9,128,14.261638,Luxembourg
2040,10,128,9.476001,Luxembourg
2040,11,128,5.33762,Luxembourg
2040,12,128,2.5947924,Luxembourg
2040,1,129,14.829612,Macau
2040,2,129,16.186316,Macau
2040,3,129,18.70946,Macau
2040,4,129,22.087996,Macau
2040,5,129,26.097736,Macau
2040,6,129,27.94622,Macau
2040,7,129,28.697216,Macau
2040,8,129,28.546463,Macau
2040,9,129,27.312582,Macau
2040,10,129,24.55118,Macau
2040,11,129,21.188759,Macau
2040,12,129,17.60793,Macau
2040,1,130,-0.14285979,Macedonia
2040,2,130,1.9885265,Macedonia
2040,3,130,6.526238,Macedonia
2040,4,130,9.9788885,Macedonia
2040,5,130,14.742834,Macedonia
2040,6,130,19.143576,Macedonia
2040,7,130,20.76633,Macedonia
2040,8,130,20.406277,Macedonia
2040,9,130,16.613369,Macedonia
2040,10,130,10.857515,Macedonia
2040,11,130,6.3714604,Macedonia
2040,12,130,1.8779901,Macedonia
2040,1,131,25.013815,Madagascar
2040,2,131,25.344051,Madagascar
2040,3,131,25.007826,Madagascar
2040,4,131,23.730692,Madagascar
2040,5,131,21.829723,Madagascar
2040,6,131,19.939991,Madagascar
2040,7,131,19.653109,Madagascar
2040,8,131,20.064863,Madagascar
2040,9,131,21.464142,Madagascar
2040,10,131,23.767632,Madagascar
2040,11,131,24.707634,Madagascar
2040,12,131,25.500483,Madagascar
2040,1,132,22.67579,Malawi
2040,2,132,23.337673,Malawi
2040,3,132,23.024149,Malawi
2040,4,132,21.577038,Malawi
2040,5,132,20.111935,Malawi
2040,6,132,18.639635,Malawi
2040,7,132,18.10934,Malawi
2040,8,132,19.038588,Malawi
2040,9,132,21.37741,Malawi
2040,10,132,24.017956,Malawi
2040,11,132,23.85377,Malawi
2040,12,132,23.947939,Malawi
2040,1,133,25.324492,Malaysia
2040,2,133,26.233498,Malaysia
2040,3,133,26.173153,Malaysia
2040,4,133,26.479408,Malaysia
2040,5,133,27.429548,Malaysia
2040,6,133,27.12915,Malaysia
2040,7,133,26.217657,Malaysia
2040,8,133,26.289444,Malaysia
2040,9,133,26.567974,Malaysia
2040,10,133,26.214314,Malaysia
2040,11,133,25.6399,Malaysia
2040,12,133,25.926737,Malaysia
2040,1,134,21.980154,Mali
2040,2,134,24.50692,Mali
2040,3,134,27.561935,Mali
2040,4,134,30.90714,Mali
2040,5,134,33.01436,Mali
2040,6,134,33.435226,Mali
2040,7,134,31.788097,Mali
2040,8,134,31.67534,Mali
2040,9,134,30.87622,Mali
2040,10,134,29.421606,Mali
2040,11,134,26.514448,Mali
2040,12,134,22.884575,Mali
2040,1,135,12.97955,Malta
2040,2,135,13.371399,Malta
2040,3,135,14.016386,Malta
2040,4,135,15.735706,Malta
2040,5,135,18.698475,Malta
2040,6,135,22.679657,Malta
2040,7,135,24.837862,Malta
2040,8,135,25.080881,Malta
2040,9,135,24.138891,Malta
2040,10,135,20.964275,Malta
2040,11,135,17.549896,Malta
2040,12,135,14.790994,Malta
2040,1,136,24.262934,Martinique
2040,2,136,25.029957,Martinique
2040,3,136,25.434338,Martinique
2040,4,136,25.909472,Martinique
2040,5,136,27.290619,Martinique
2040,6,136,27.972195,Martinique
2040,7,136,27.714716,Martinique
2040,8,136,27.967882,Martinique
2040,9,136,27.515848,Martinique
2040,10,136,26.859728,Martinique
2040,11,136,26.270594,Martinique
2040,12,136,25.76886,Martinique
2040,1,137,20.71773,Mauritania
2040,2,137,22.912441,Mauritania
2040,3,137,25.830334,Mauritania
2040,4,137,28.218874,Mauritania
2040,5,137,31.281275,Mauritania
2040,6,137,32.929214,Mauritania
2040,7,137,32.75224,Mauritania
2040,8,137,32.577446,Mauritania
2040,9,137,31.770624,Mauritania
2040,10,137,29.884714,Mauritania
2040,11,137,25.621616,Mauritania
2040,12,137,21.58942,Mauritania
2040,1,138,26.14131,Mauritius
2040,2,138,26.762262,Mauritius
2040,3,138,26.282457,Mauritius
2040,4,138,25.083174,Mauritius
2040,5,138,23.526573,Mauritius
2040,6,138,22.200281,Mauritius
2040,7,138,21.424223,Mauritius
2040,8,138,21.404993,Mauritius
2040,9,138,21.64915,Mauritius
2040,10,138,22.677286,Mauritius
2040,11,138,24.123844,Mauritius
2040,12,138,25.80078,Mauritius
2040,1,139,26.860035,Mayotte
2040,2,139,27.559692,Mayotte
2040,3,139,27.71679,Mayotte
2040,4,139,27.166742,Mayotte
2040,5,139,26.955471,Mayotte
2040,6,139,26.19639,Mayotte
2040,7,139,25.210125,Mayotte
2040,8,139,25.208025,Mayotte
2040,9,139,25.469114,Mayotte
2040,10,139,26.367582,Mayotte
2040,11,139,26.694233,Mayotte
2040,12,139,27.802246,Mayotte
2040,1,140,15.188785,Mexico
2040,2,140,16.807615,Mexico
2040,3,140,19.03735,Mexico
2040,4,140,21.416332,Mexico
2040,5,140,23.703764,Mexico
2040,6,140,24.91125,Mexico
2040,7,140,24.757639,Mexico
2040,8,140,24.709415,Mexico
2040,9,140,23.567352,Mexico
2040,10,140,21.596529,Mexico
2040,11,140,18.761429,Mexico
2040,12,140,16.412245,Mexico
2040,1,141,-3.3878043,Moldova
2040,2,141,-1.8238523,Moldova
2040,3,141,3.1045723,Moldova
2040,4,141,9.496068,Moldova
2040,5,141,15.126491,Moldova
2040,6,141,19.16822,Moldova
2040,7,141,20.601555,Moldova
2040,8,141,20.179428,Moldova
2040,9,141,15.837473,Moldova
2040,10,141,9.701539,Moldova
2040,11,141,4.241691,Moldova
2040,12,141,0.15060078,Moldova
2040,1,142,0.5019097,Monaco
2040,2,142,1.9772134,Monaco
2040,3,142,5.7194777,Monaco
2040,4,142,7.928826,Monaco
2040,5,142,12.254893,Monaco
2040,6,142,16.738503,Monaco
2040,7,142,18.458738,Monaco
2040,8,142,18.045963,Monaco
2040,9,142,14.474213,Monaco
2040,10,142,9.685841,Monaco
2040,11,142,5.0962615,Monaco
2040,12,142,1.4480689,Monaco
2040,1,143,-20.053654,Mongolia
2040,2,143,-15.371332,Mongolia
2040,3,143,-8.327478,Mongolia
2040,4,143,2.0709834,Mongolia
2040,5,143,9.879158,Mongolia
2040,6,143,15.944265,Mongolia
2040,7,143,17.535967,Mongolia
2040,8,143,16.207764,Mongolia
2040,9,143,9.640932,Mongolia
2040,10,143,0.7799215,Mongolia
2040,11,143,-10.1764145,Mongolia
2040,12,143,-17.230833,Mongolia
2040,1,144,0.5958803,Montenegro
2040,2,144,2.1200776,Montenegro
2040,3,144,6.18438,Montenegro
2040,4,144,9.564754,Montenegro
2040,5,144,14.325055,Montenegro
2040,6,144,18.445972,Montenegro
2040,7,144,20.2162,Montenegro
2040,8,144,19.952736,Montenegro
2040,9,144,16.129925,Montenegro
2040,10,144,10.904081,Montenegro
2040,11,144,6.0408287,Montenegro
2040,12,144,2.1025822,Montenegro
2040,1,145,24.907812,Montserrat
2040,2,145,25.607471,Montserrat
2040,3,145,25.656244,Montserrat
2040,4,145,25.991425,Montserrat
2040,5,145,27.063211,Montserrat
2040,6,145,28.033175,Montserrat
2040,7,145,27.901525,Montserrat
2040,8,145,28.064676,Montserrat
2040,9,145,27.575912,Montserrat
2040,10,145,27.183397,Montserrat
2040,11,145,26.621405,Montserrat
2040,12,145,25.814863,Montserrat
2040,1,146,10.598312,Morocco
2040,2,146,12.455599,Morocco
2040,3,146,14.371345,Morocco
2040,4,146,15.921994,Morocco
2040,5,146,19.188757,Morocco
2040,6,146,23.281286,Morocco
2040,7,146,26.16085,Morocco
2040,8,146,26.19234,Morocco
2040,9,146,23.016102,Morocco
2040,10,146,18.487583,Morocco
2040,11,146,14.25704,Morocco
2040,12,146,11.553679,Morocco
2040,1,147,25.531979,Mozambique
2040,2,147,25.858112,Mozambique
2040,3,147,25.42133,Mozambique
2040,4,147,24.199596,Mozambique
2040,5,147,21.411104,Mozambique
2040,6,147,20.089544,Mozambique
2040,7,147,19.901588,Mozambique
2040,8,147,21.036495,Mozambique
2040,9,147,23.079914,Mozambique
2040,10,147,26.072525,Mozambique
2040,11,147,26.627415,Mozambique
2040,12,147,26.68776,Mozambique
2040,1,148,23.688269,Namibia
2040,2,148,23.58055,Namibia
2040,3,148,22.962513,Namibia
2040,4,148,20.908203,Namibia
2040,5,148,18.229856,Namibia
2040,6,148,15.679238,Namibia
2040,7,148,15.371893,Namibia
2040,8,148,17.007278,Namibia
2040,9,148,20.388922,Namibia
2040,10,148,22.52459,Namibia
2040,11,148,23.61814,Namibia
2040,12,148,24.488089,Namibia
2040,1,149,6.1047087,Nepal
2040,2,149,7.745141,Nepal
2040,3,149,12.870642,Nepal
2040,4,149,16.437153,Nepal
2040,5,149,19.315727,Nepal
2040,6,149,21.52676,Nepal
2040,7,149,20.63195,Nepal
2040,8,149,20.794104,Nepal
2040,9,149,19.321377,Nepal
2040,10,149,16.076618,Nepal
2040,11,149,11.890838,Nepal
2040,12,149,7.9737663,Nepal
2040,1,150,0.35189492,Netherlands
2040,2,150,1.2024225,Netherlands
2040,3,150,4.8307147,Netherlands
2040,4,150,7.628446,Netherlands
2040,5,150,11.934076,Netherlands
2040,6,150,15.772765,Netherlands
2040,7,150,16.565474,Netherlands
2040,8,150,16.690966,Netherlands
2040,9,150,14.985814,Netherlands
2040,10,150,11.033747,Netherlands
2040,11,150,6.5774465,Netherlands
2040,12,150,4.158878,Netherlands
2040,1,151,-0.0464677,Netherlands (Europe)
2040,2,151,0.75342745,Netherlands (Europe)
2040,3,151,4.3905954,Netherlands (Europe)
2040,4,151,7.160394,Netherlands (Europe)
2040,5,151,11.5412035,Netherlands (Europe)
2040,6,151,15.671906,Netherlands (Europe)
2040,7,151,16.321009,Netherlands (Europe)
2040,8,151,16.469664,Netherlands (Europe)
2040,9,151,14.645342,Netherlands (Europe)
2040,10,151,10.616712,Netherlands (Europe)
2040,11,151,6.233402,Netherlands (Europe)
2040,12,151,3.814829,Netherlands (Europe)
2040,1,152,25.136854,New Caledonia
2040,2,152,25.754847,New Caledonia
2040,3,152,25.699825,New Caledonia
2040,4,152,23.761738,New Caledonia
2040,5,152,22.571411,New Caledonia
2040,6,152,21.35592,New Caledonia
2040,7,152,20.200209,New Caledonia
2040,8,152,20.312794,New Caledonia
2040,9,152,20.626797,New Caledonia
2040,10,152,21.631931,New Caledonia
2040,11,152,23.184902,New Caledonia
2040,12,152,24.796593,New Caledonia
2040,1,153,14.973192,New Zealand
2040,2,153,15.47677,New Zealand
2040,3,153,14.456051,New Zealand
2040,4,153,11.460732,New Zealand
2040,5,153,8.317606,New Zealand
2040,6,153,6.2788277,New Zealand
2040,7,153,6.1572037,New Zealand
2040,8,153,6.8786387,New Zealand
2040,9,153,8.531975,New Zealand
2040,10,153,10.541923,New Zealand
2040,11,153,12.198316,New Zealand
2040,12,153,14.137702,New Zealand
2040,1,154,25.001064,Nicaragua
2040,2,154,25.488165,Nicaragua
2040,3,154,27.005306,Nicaragua
2040,4,154,27.53533,Nicaragua
2040,5,154,27.816586,Nicaragua
2040,6,154,27.181122,Nicaragua
2040,7,154,26.037716,Nicaragua
2040,8,154,26.087978,Nicaragua
2040,9,154,26.128233,Nicaragua
2040,10,154,26.067951,Nicaragua
2040,11,154,25.529676,Nicaragua
2040,12,154,26.101433,Nicaragua
2040,1,155,20.09465,Niger
2040,2,155,22.943811,Niger
2040,3,155,27.15054,Niger
2040,4,155,30.38223,Niger
2040,5,155,32.442715,Niger
2040,6,155,32.7783,Niger
2040,7,155,30.810192,Niger
2040,8,155,30.421583,Niger
2040,9,155,30.13448,Niger
2040,10,155,28.946566,Niger
2040,11,155,24.830345,Niger
2040,12,155,20.389277,Niger
2040,1,156,24.958393,Nigeria
2040,2,156,26.95589,Nigeria
2040,3,156,28.846834,Nigeria
2040,4,156,29.374083,Nigeria
2040,5,156,29.010725,Nigeria
2040,6,156,28.2103,Nigeria
2040,7,156,26.229025,Nigeria
2040,8,156,26.166187,Nigeria
2040,9,156,26.315235,Nigeria
2040,10,156,26.626856,Nigeria
2040,11,156,25.871574,Nigeria
2040,12,156,25.366512,Nigeria
2040,1,157,26.170443,Niue
2040,2,157,27.032055,Niue
2040,3,157,27.02496,Niue
2040,4,157,26.066751,Niue
2040,5,157,25.02788,Niue
2040,6,157,24.478888,Niue
2040,7,157,23.756113,Niue
2040,8,157,23.812449,Niue
2040,9,157,24.115667,Niue
2040,10,157,24.891314,Niue
2040,11,157,25.483099,Niue
2040,12,157,25.544926,Niue
2040,1,158,-11.783548,North America
2040,2,158,-10.014171,North America
2040,3,158,-5.409327,North America
2040,4,158,1.0755191,North America
2040,5,158,8.366903,North America
2040,6,158,13.986723,North America
2040,7,158,15.88926,North America
2040,8,158,15.275179,North America
2040,9,158,10.5329275,North America
2040,10,158,4.1506877,North America
2040,11,158,-3.3849883,North America
2040,12,158,-9.218736,North America
2040,1,159,-8.889628,North Korea
2040,2,159,-6.619385,North Korea
2040,3,159,-0.24378552,North Korea
2040,4,159,7.1557264,North Korea
2040,5,159,13.161778,North Korea
2040,6,159,18.111448,North Korea
2040,7,159,20.825026,North Korea
2040,8,159,21.161503,North Korea
2040,9,159,16.076147,North Korea
2040,10,159,9.336896,North Korea
2040,11,159,1.266038,North Korea
2040,12,159,-6.003135,North Korea
2040,1,160,25.970922,Northern Mariana Islands
2040,2,160,26.556108,Northern Mariana Islands
2040,3,160,26.31398,Northern Mariana Islands
2040,4,160,26.981478,Northern Mariana Islands
2040,5,160,27.550297,Northern Mariana Islands
2040,6,160,28.33465,Northern Mariana Islands
2040,7,160,27.592209,Northern Mariana Islands
2040,8,160,27.679605,Northern Mariana Islands
2040,9,160,27.4704,Northern Mariana Islands
2040,10,160,27.389833,Northern Mariana Islands
2040,11,160,27.469788,Northern Mariana Islands
2040,12,160,26.864767,Northern Mariana Islands
2040,1,161,-9.719776,Norway
2040,2,161,-8.95738,Norway
2040,3,161,-6.532348,Norway
2040,4,161,-2.2185347,Norway
2040,5,161,3.7727594,Norway
2040,6,161,8.464941,Norway
2040,7,161,10.538573,Norway
2040,8,161,10.058978,Norway
2040,9,161,5.9477854,Norway
2040,10,161,0.40059677,Norway
2040,11,161,-4.118756,Norway
2040,12,161,-6.736519,Norway
2040,1,162,26.760963,Oceania
2040,2,162,26.910398,Oceania
2040,3,162,25.710186,Oceania
2040,4,162,21.635424,Oceania
2040,5,162,17.36696,Oceania
2040,6,162,15.456656,Oceania
2040,7,162,15.191784,Oceania
2040,8,162,16.060078,Oceania
2040,9,162,18.680023,Oceania
2040,10,162,22.86515,Oceania
2040,11,162,25.15428,Oceania
2040,12,162,27.21416,Oceania
2040,1,163,19.974503,Oman
2040,2,163,21.349375,Oman
2040,3,163,24.72519,Oman
2040,4,163,28.413136,Oman
2040,5,163,31.705027,Oman
2040,6,163,33.393967,Oman
2040,7,163,32.955925,Oman
2040,8,163,31.97783,Oman
2040,9,163,29.774519,Oman
2040,10,163,27.285936,Oman
2040,11,163,24.637962,Oman
2040,12,163,21.52129,Oman
2040,1,164,8.873354,Pakistan
2040,2,164,11.799412,Pakistan
2040,3,164,16.7951,Pakistan
2040,4,164,22.806957,Pakistan
2040,5,164,27.829832,Pakistan
2040,6,164,30.185509,Pakistan
2040,7,164,29.590864,Pakistan
2040,8,164,28.826675,Pakistan
2040,9,164,26.355583,Pakistan
2040,10,164,21.58314,Pakistan
2040,11,164,15.687962,Pakistan
2040,12,164,10.992457,Pakistan
2040,1,165,26.764679,Palau
2040,2,165,27.006989,Palau
2040,3,165,27.523102,Palau
2040,4,165,27.463978,Palau
2040,5,165,27.73483,Palau
2040,6,165,28.117014,Palau
2040,7,165,27.639381,Palau
2040,8,165,27.605778,Palau
2040,9,165,27.545967,Palau
2040,10,165,27.87804,Palau
2040,11,165,28.089445,Palau
2040,12,165,27.676048,Palau
2040,1,166,21.337694,Palestina
2040,2,166,22.02761,Palestina
2040,3,166,23.061604,Palestina
2040,4,166,23.314293,Palestina
2040,5,166,24.379457,Palestina
2040,6,166,25.167604,Palestina
2040,7,166,24.917194,Palestina
2040,8,166,24.983242,Palestina
2040,9,166,24.665941,Palestina
2040,10,166,24.011547,Palestina
2040,11,166,23.004608,Palestina
2040,12,166,21.990267,Palestina
2040,1,167,26.629892,Palmyra Atoll
2040,2,167,26.898712,Palmyra Atoll
2040,3,167,27.344542,Palmyra Atoll
2040,4,167,27.092367,Palmyra Atoll
2040,5,167,27.493078,Palmyra Atoll
2040,6,167,27.777803,Palmyra Atoll
2040,7,167,27.57648,Palmyra Atoll
2040,8,167,27.704536,Palmyra Atoll
2040,9,167,27.52031,Palmyra Atoll
2040,10,167,27.746572,Palmyra Atoll
2040,11,167,27.83069,Palmyra Atoll
2040,12,167,27.619747,Palmyra Atoll
2040,1,168,26.116102,Panama
2040,2,168,26.475111,Panama
2040,3,168,27.220598,Panama
2040,4,168,26.848328,Panama
2040,5,168,26.946623,Panama
2040,6,168,26.835495,Panama
2040,7,168,26.540653,Panama
2040,8,168,26.69852,Panama
2040,9,168,26.41379,Panama
2040,10,168,26.474321,Panama
2040,11,168,26.631296,Panama
2040,12,168,26.618202,Panama
2040,1,169,24.84075,Papua New Guinea
2040,2,169,24.919449,Papua New Guinea
2040,3,169,25.206053,Papua New Guinea
2040,4,169,24.492651,Papua New Guinea
2040,5,169,24.489855,Papua New Guinea
2040,6,169,23.969404,Papua New Guinea
2040,7,169,23.674562,Papua New Guinea
2040,8,169,23.880339,Papua New Guinea
2040,9,169,24.290745,Papua New Guinea
2040,10,169,24.812506,Papua New Guinea
2040,11,169,25.512676,Papua New Guinea
2040,12,169,25.625221,Papua New Guinea
2040,1,170,27.129768,Paraguay
2040,2,170,27.108225,Paraguay
2040,3,170,25.93013,Paraguay
2040,4,170,22.673578,Paraguay
2040,5,170,20.52676,Paraguay
2040,6,170,19.669825,Paraguay
2040,7,170,19.5451,Paraguay
2040,8,170,19.932518,Paraguay
2040,9,170,22.402096,Paraguay
2040,10,170,24.800581,Paraguay
2040,11,170,26.260025,Paraguay
2040,12,170,27.57045,Paraguay
2040,1,171,20.744131,Peru
2040,2,171,20.78875,Peru
2040,3,171,21.23954,Peru
2040,4,171,20.118162,Peru
2040,5,171,19.359348,Peru
2040,6,171,18.80561,Peru
2040,7,171,18.531233,Peru
2040,8,171,18.94367,Peru
2040,9,171,19.658564,Peru
2040,10,171,20.52587,Peru
2040,11,171,21.15065,Peru
2040,12,171,21.207222,Peru
2040,1,172,25.28501,Philippines
2040,2,172,25.482206,Philippines
2040,3,172,26.823315,Philippines
2040,4,172,27.029295,Philippines
2040,5,172,27.849949,Philippines
2040,6,172,27.823526,Philippines
2040,7,172,27.130795,Philippines
2040,8,172,27.381971,Philippines
2040,9,172,26.89852,Philippines
2040,10,172,27.142006,Philippines
2040,11,172,26.880375,Philippines
2040,12,172,26.349316,Philippines
2040,1,173,-3.288899,Poland
2040,2,173,-2.0683036,Poland
2040,3,173,2.6366193,Poland
2040,4,173,7.686078,Poland
2040,5,173,13.003532,Poland
2040,6,173,16.525545,Poland
2040,7,173,17.078932,Poland
2040,8,173,17.331457,Poland
2040,9,173,13.857926,Poland
2040,10,173,7.969566,Poland
2040,11,173,2.5569553,Poland
2040,12,173,-0.55009645,Poland
2040,1,174,8.408087,Portugal
2040,2,174,9.553454,Portugal
2040,3,174,10.881333,Portugal
2040,4,174,12.810565,Portugal
2040,5,174,15.979057,Portugal
2040,6,174,19.340809,Portugal
2040,7,174,21.05507,Portugal
2040,8,174,21.092924,Portugal
2040,9,174,19.564686,Portugal
2040,10,174,15.78276,Portugal
2040,11,174,12.151217,Portugal
2040,12,174,9.546503,Portugal
2040,1,175,23.519266,Puerto Rico
2040,2,175,23.680733,Puerto Rico
2040,3,175,23.909204,Puerto Rico
2040,4,175,24.518791,Puerto Rico
2040,5,175,26.115692,Puerto Rico
2040,6,175,27.388378,Puerto Rico
2040,7,175,27.266567,Puerto Rico
2040,8,175,27.4239,Puerto Rico
2040,9,175,27.11034,Puerto Rico
2040,10,175,26.675806,Puerto Rico
2040,11,175,25.850378,Puerto Rico
2040,12,175,24.89754,Puerto Rico
2040,1,176,17.253506,Qatar
2040,2,176,19.225538,Qatar
2040,3,176,22.043747,Qatar
2040,4,176,26.083265,Qatar
2040,5,176,31.541739,Qatar
2040,6,176,34.398113,Qatar
2040,7,176,34.837494,Qatar
2040,8,176,34.800045,Qatar
2040,9,176,32.978367,Qatar
2040,10,176,29.735157,Qatar
2040,11,176,25.159704,Qatar
2040,12,176,20.208302,Qatar
2040,1,177,25.414087,Reunion
2040,2,177,26.047009,Reunion
2040,3,177,25.906157,Reunion
2040,4,177,24.824572,Reunion
2040,5,177,23.544489,Reunion
2040,6,177,22.816898,Reunion
2040,7,177,21.665007,Reunion
2040,8,177,21.572437,Reunion
2040,9,177,21.549694,Reunion
2040,10,177,22.041449,Reunion
2040,11,177,23.259863,Reunion
2040,12,177,25.023249,Reunion
2040,1,178,-2.8289328,Romania
2040,2,178,-1.0201563,Romania
2040,3,178,3.9644687,Romania
2040,4,178,9.215775,Romania
2040,5,178,14.0356045,Romania
2040,6,178,18.385721,Romania
2040,7,178,19.844002,Romania
2040,8,178,19.137535,Romania
2040,9,178,15.541103,Romania
2040,10,178,8.611062,Romania
2040,11,178,4.592841,Romania
2040,12,178,1.0172404,Romania
2040,1,179,-25.947441,Russia
2040,2,179,-23.381952,Russia
2040,3,179,-16.177496,Russia
2040,4,179,-6.1236625,Russia
2040,5,179,4.5173435,Russia
2040,6,179,11.808031,Russia
2040,7,179,14.326368,Russia
2040,8,179,12.331324,Russia
2040,9,179,6.101315,Russia
2040,10,179,-4.4567757,Russia
2040,11,179,-16.410398,Russia
2040,12,179,-21.940472,Russia
2040,1,180,19.102201,Rwanda
2040,2,180,19.464342,Rwanda
2040,3,180,19.587175,Rwanda
2040,4,180,19.164015,Rwanda
2040,5,180,19.121937,Rwanda
2040,6,180,19.731691,Rwanda
2040,7,180,19.412603,Rwanda
2040,8,180,19.909853,Rwanda
2040,9,180,19.97212,Rwanda
2040,10,180,19.710321,Rwanda
2040,11,180,19.276316,Rwanda
2040,12,180,19.206388,Rwanda
2040,1,181,24.838352,Saint Barthélemy
2040,2,181,25.305693,Saint Barthélemy
2040,3,181,25.851818,Saint Barthélemy
2040,4,181,26.09291,Saint Barthélemy
2040,5,181,27.162853,Saint Barthélemy
2040,6,181,28.096523,Saint Barthélemy
2040,7,181,27.940554,Saint Barthélemy
2040,8,181,28.313528,Saint Barthélemy
2040,9,181,27.985693,Saint Barthélemy
2040,10,181,27.929077,Saint Barthélemy
2040,11,181,27.21144,Saint Barthélemy
2040,12,181,26.0328,Saint Barthélemy
2040,1,182,24.29921,Saint Kitts And Nevis
2040,2,182,24.797873,Saint Kitts And Nevis
2040,3,182,25.256254,Saint Kitts And Nevis
2040,4,182,25.551039,Saint Kitts And Nevis
2040,5,182,26.53632,Saint Kitts And Nevis
2040,6,182,27.389196,Saint Kitts And Nevis
2040,7,182,27.161222,Saint Kitts And Nevis
2040,8,182,27.402473,Saint Kitts And Nevis
2040,9,182,27.166061,Saint Kitts And Nevis
2040,10,182,27.049417,Saint Kitts And Nevis
2040,11,182,26.4041,Saint Kitts And Nevis
2040,12,182,25.43125,Saint Kitts And Nevis
2040,1,183,25.263018,Saint Lucia
2040,2,183,25.80788,Saint Lucia
2040,3,183,26.366812,Saint Lucia
2040,4,183,26.48016,Saint Lucia
2040,5,183,27.504993,Saint Lucia
2040,6,183,27.939821,Saint Lucia
2040,7,183,27.586365,Saint Lucia
2040,8,183,27.849642,Saint Lucia
2040,9,183,27.804325,Saint Lucia
2040,10,183,27.73951,Saint Lucia
2040,11,183,27.175465,Saint Lucia
2040,12,183,26.482077,Saint Lucia
2040,1,184,24.909925,Saint Martin
2040,2,184,25.447369,Saint Martin
2040,3,184,26.006035,Saint Martin
2040,4,184,26.119383,Saint Martin
2040,5,184,27.206772,Saint Martin
2040,6,184,28.199299,Saint Martin
2040,7,184,28.022623,Saint Martin
2040,8,184,28.328453,Saint Martin
2040,9,184,28.10157,Saint Martin
2040,10,184,27.942753,Saint Martin
2040,11,184,27.256401,Saint Martin
2040,12,184,26.112669,Saint Martin
2040,1,185,-3.5765066,Saint Pierre And Miquelon
2040,2,185,-4.7241135,Saint Pierre And Miquelon
2040,3,185,-1.0645633,Saint Pierre And Miquelon
2040,4,185,2.2980464,Saint Pierre And Miquelon
2040,5,185,6.706063,Saint Pierre And Miquelon
2040,6,185,11.072586,Saint Pierre And Miquelon
2040,7,185,14.37348,Saint Pierre And Miquelon
2040,8,185,14.837669,Saint Pierre And Miquelon
2040,9,185,12.19305,Saint Pierre And Miquelon
2040,10,185,7.5885386,Saint Pierre And Miquelon
2040,11,185,3.3059862,Saint Pierre And Miquelon
2040,12,185,-1.6263798,Saint Pierre And Miquelon
2040,1,186,25.728292,Saint Vincent And The Grenadines
2040,2,186,26.07112,Saint Vincent And The Grenadines
2040,3,186,26.703182,Saint Vincent And The Grenadines
2040,4,186,26.771515,Saint Vincent And The Grenadines
2040,5,186,27.67386,Saint Vincent And The Grenadines
2040,6,186,28.032661,Saint Vincent And The Grenadines
2040,7,186,27.77694,Saint Vincent And The Grenadines
2040,8,186,27.92308,Saint Vincent And The Grenadines
2040,9,186,27.923376,Saint Vincent And The Grenadines
2040,10,186,27.737896,Saint Vincent And The Grenadines
2040,11,186,27.362574,Saint Vincent And The Grenadines
2040,12,186,26.643494,Saint Vincent And The Grenadines
2040,1,187,26.54834,Samoa
2040,2,187,26.940905,Samoa
2040,3,187,27.065247,Samoa
2040,4,187,26.734495,Samoa
2040,5,187,26.831238,Samoa
2040,6,187,26.95983,Samoa
2040,7,187,26.365911,Samoa
2040,8,187,26.512053,Samoa
2040,9,187,26.382336,Samoa
2040,10,187,26.57961,Samoa
2040,11,187,26.468493,Samoa
2040,12,187,26.51008,Samoa
2040,1,188,6.541553,San Marino
2040,2,188,7.788262,San Marino
2040,3,188,9.345885,San Marino
2040,4,188,11.712655,San Marino
2040,5,188,16.139761,San Marino
2040,6,188,19.939945,San Marino
2040,7,188,21.32527,San Marino
2040,8,188,21.31997,San Marino
2040,9,188,19.771555,San Marino
2040,10,188,15.692799,San Marino
2040,11,188,11.979735,San Marino
2040,12,188,8.910009,San Marino
2040,1,189,26.19309,Sao Tome And Principe
2040,2,189,27.026344,Sao Tome And Principe
2040,3,189,27.263645,Sao Tome And Principe
2040,4,189,26.824673,Sao Tome And Principe
2040,5,189,26.82983,Sao Tome And Principe
2040,6,189,25.823847,Sao Tome And Principe
2040,7,189,24.980612,Sao Tome And Principe
2040,8,189,25.322617,Sao Tome And Principe
2040,9,189,25.464857,Sao Tome And Principe
2040,10,189,25.693932,Sao Tome And Principe
2040,11,189,25.989248,Sao Tome And Principe
2040,12,189,26.217176,Sao Tome And Principe
2040,1,190,16.193966,Saudi Arabia
2040,2,190,18.921604,Saudi Arabia
2040,3,190,21.705132,Saudi Arabia
2040,4,190,26.1833,Saudi Arabia
2040,5,190,30.349806,Saudi Arabia
2040,6,190,33.707584,Saudi Arabia
2040,7,190,33.66191,Saudi Arabia
2040,8,190,33.316837,Saudi Arabia
2040,9,190,31.285147,Saudi Arabia
2040,10,190,27.385849,Saudi Arabia
2040,11,190,22.055151,Saudi Arabia
2040,12,190,17.879322,Saudi Arabia
2040,1,191,24.809889,Senegal
2040,2,191,27.009295,Senegal
2040,3,191,28.965038,Senegal
2040,4,191,30.255493,Senegal
2040,5,191,31.309013,Senegal
2040,6,191,30.853098,Senegal
2040,7,191,28.778055,Senegal
2040,8,191,28.54446,Senegal
2040,9,191,28.29984,Senegal
2040,10,191,28.907074,Senegal
2040,11,191,27.218685,Senegal
2040,12,191,25.256506,Senegal
2040,1,192,-0.9154617,Serbia
2040,2,192,1.7030323,Serbia
2040,3,192,5.8979816,Serbia
2040,4,192,10.404601,Serbia
2040,5,192,15.360297,Serbia
2040,6,192,18.975473,Serbia
2040,7,192,19.9466,Serbia
2040,8,192,20.006023,Serbia
2040,9,192,16.371788,Serbia
2040,10,192,10.78448,Serbia
2040,11,192,5.631026,Serbia
2040,12,192,2.136607,Serbia
2040,1,193,26.431002,Seychelles
2040,2,193,27.269135,Seychelles
2040,3,193,28.067238,Seychelles
2040,4,193,28.026,Seychelles
2040,5,193,27.807835,Seychelles
2040,6,193,27.364222,Seychelles
2040,7,193,26.163748,Seychelles
2040,8,193,26.223171,Seychelles
2040,9,193,26.455963,Seychelles
2040,10,193,26.805355,Seychelles
2040,11,193,26.801098,Seychelles
2040,12,193,26.767277,Seychelles
2040,1,194,26.279793,Sierra Leone
2040,2,194,27.256655,Sierra Leone
2040,3,194,28.225004,Sierra Leone
2040,4,194,27.782179,Sierra Leone
2040,5,194,27.248856,Sierra Leone
2040,6,194,26.526314,Sierra Leone
2040,7,194,25.17246,Sierra Leone
2040,8,194,25.134079,Sierra Leone
2040,9,194,25.454903,Sierra Leone
2040,10,194,26.042803,Sierra Leone
2040,11,194,26.246017,Sierra Leone
2040,12,194,25.710278,Sierra Leone
2040,1,195,25.972668,Singapore
2040,2,195,26.750874,Singapore
2040,3,195,27.385248,Singapore
2040,4,195,27.174492,Singapore
2040,5,195,27.423716,Singapore
2040,6,195,27.718613,Singapore
2040,7,195,27.102627,Singapore
2040,8,195,27.16205,Singapore
2040,9,195,26.961792,Singapore
2040,10,195,26.798616,Singapore
2040,11,195,26.622513,Singapore
2040,12,195,26.379835,Singapore
2040,1,196,25.02041,Sint Maarten
2040,2,196,25.445744,Sint Maarten
2040,3,196,25.950884,Sint Maarten
2040,4,196,26.192533,Sint Maarten
2040,5,196,27.336409,Sint Maarten
2040,6,196,28.228762,Sint Maarten
2040,7,196,28.034203,Sint Maarten
2040,8,196,28.21462,Sint Maarten
2040,9,196,27.921543,Sint Maarten
2040,10,196,27.807072,Sint Maarten
2040,11,196,27.08554,Sint Maarten
2040,12,196,26.068018,Sint Maarten
2040,1,197,-3.003278,Slovakia
2040,2,197,-0.5974593,Slovakia
2040,3,197,3.2608626,Slovakia
2040,4,197,7.581339,Slovakia
2040,5,197,12.833398,Slovakia
2040,6,197,16.474472,Slovakia
2040,7,197,16.947142,Slovakia
2040,8,197,16.867813,Slovakia
2040,9,197,13.334154,Slovakia
2040,10,197,8.188936,Slovakia
2040,11,197,3.6075082,Slovakia
2040,12,197,0.4007932,Slovakia
2040,1,198,0.1907395,Slovenia
2040,2,198,2.2188308,Slovenia
2040,3,198,6.098946,Slovenia
2040,4,198,9.172989,Slovenia
2040,5,198,14.158531,Slovenia
2040,6,198,17.934921,Slovenia
2040,7,198,19.175905,Slovenia
2040,8,198,18.955084,Slovenia
2040,9,198,15.308708,Slovenia
2040,10,198,10.106378,Slovenia
2040,11,198,5.294206,Slovenia
2040,12,198,1.63893,Slovenia
2040,1,199,26.839922,Solomon Islands
2040,2,199,26.877733,Solomon Islands
2040,3,199,27.814486,Solomon Islands
2040,4,199,27.13114,Solomon Islands
2040,5,199,26.938553,Solomon Islands
2040,6,199,27.075455,Solomon Islands
2040,7,199,26.418161,Solomon Islands
2040,8,199,26.521793,Solomon Islands
2040,9,199,26.692139,Solomon Islands
2040,10,199,26.641537,Solomon Islands
2040,11,199,26.910074,Solomon Islands
2040,12,199,27.132671,Solomon Islands
2040,1,200,25.711508,Somalia
2040,2,200,26.455952,Somalia
2040,3,200,27.860273,Somalia
2040,4,200,28.217602,Somalia
2040,5,200,27.90822,Somalia
2040,6,200,28.151812,Somalia
2040,7,200,27.399694,Somalia
2040,8,200,27.503553,Somalia
2040,9,200,27.547274,Somalia
2040,10,200,27.016256,Somalia
2040,11,200,26.407341,Somalia
2040,12,200,26.00031,Somalia
2040,1,201,22.818008,South Africa
2040,2,201,22.393332,South Africa
2040,3,201,21.22036,South Africa
2040,4,201,17.427334,South Africa
2040,5,201,14.079007,South Africa
2040,6,201,11.925336,South Africa
2040,7,201,11.9104395,South Africa
2040,8,201,13.522628,South Africa
2040,9,201,16.385946,South Africa
2040,10,201,18.689203,South Africa
2040,11,201,20.496742,South Africa
2040,12,201,22.386084,South Africa
2040,1,202,23.833937,South America
2040,2,202,23.7983,South America
2040,3,202,23.729836,South America
2040,4,202,21.966188,South America
2040,5,202,20.90419,South America
2040,6,202,20.033844,South America
2040,7,202,19.78018,South America
2040,8,202,20.754978,South America
2040,9,202,22.142056,South America
2040,10,202,22.860735,South America
2040,11,202,23.425817,South America
2040,12,202,24.2419,South America
2040,1,203,4.347309,South Georgia And The South Sandwich Isla
2040,2,203,5.167307,South Georgia And The South Sandwich Isla
2040,3,203,4.8973236,South Georgia And The South Sandwich Isla
2040,4,203,2.1352348,South Georgia And The South Sandwich Isla
2040,5,203,0.12354582,South Georgia And The South Sandwich Isla
2040,6,203,-0.99078405,South Georgia And The South Sandwich Isla
2040,7,203,-0.808443,South Georgia And The South Sandwich Isla
2040,8,203,-0.72306985,South Georgia And The South Sandwich Isla
2040,9,203,0.59057564,South Georgia And The South Sandwich Isla
2040,10,203,1.2025725,South Georgia And The South Sandwich Isla
2040,11,203,2.1500845,South Georgia And The South Sandwich Isla
2040,12,203,3.2727528,South Georgia And The South Sandwich Isla
2040,1,204,-0.22620499,South Korea
2040,2,204,2.2435238,South Korea
2040,3,204,5.770829,South Korea
2040,4,204,11.464813,South Korea
2040,5,204,16.685194,South Korea
2040,6,204,20.754604,South Korea
2040,7,204,24.402584,South Korea
2040,8,204,24.643719,South Korea
2040,9,204,20.236565,South Korea
2040,10,204,14.46927,South Korea
2040,11,204,7.8036933,South Korea
2040,12,204,2.3552408,South Korea
2040,1,205,6.611303,Spain
2040,2,205,8.189719,Spain
2040,3,205,9.472664,Spain
2040,4,205,11.537352,Spain
2040,5,205,15.459337,Spain
2040,6,205,19.223082,Spain
2040,7,205,21.93085,Spain
2040,8,205,21.975891,Spain
2040,9,205,19.352072,Spain
2040,10,205,14.656202,Spain
2040,11,205,10.2351465,Spain
2040,12,205,7.2366204,Spain
2040,1,206,25.61928,Sri Lanka
2040,2,206,26.582043,Sri Lanka
2040,3,206,27.880245,Sri Lanka
2040,4,206,28.493607,Sri Lanka
2040,5,206,28.820042,Sri Lanka
2040,6,206,28.284983,Sri Lanka
2040,7,206,27.935337,Sri Lanka
2040,8,206,27.839203,Sri Lanka
2040,9,206,27.581007,Sri Lanka
2040,10,206,27.163809,Sri Lanka
2040,11,206,26.334913,Sri Lanka
2040,12,206,25.614054,Sri Lanka
2040,1,207,22.853003,Sudan
2040,2,207,24.868738,Sudan
2040,3,207,27.350471,Sudan
2040,4,207,29.270166,Sudan
2040,5,207,30.118814,Sudan
2040,6,207,29.953148,Sudan
2040,7,207,28.795803,Sudan
2040,8,207,28.73464,Sudan
2040,9,207,28.525082,Sudan
2040,10,207,28.0217,Sudan
2040,11,207,25.778591,Sudan
2040,12,207,23.706015,Sudan
2040,1,208,25.063305,Suriname
2040,2,208,25.810179,Suriname
2040,3,208,26.765114,Suriname
2040,4,208,26.238234,Suriname
2040,5,208,26.806479,Suriname
2040,6,208,26.53078,Suriname
2040,7,208,26.899807,Suriname
2040,8,208,27.155064,Suriname
2040,9,208,27.561403,Suriname
2040,10,208,27.597025,Suriname
2040,11,208,27.017122,Suriname
2040,12,208,26.070656,Suriname
2040,1,209,-19.15566,Svalbard And Jan Mayen
2040,2,209,-18.49172,Svalbard And Jan Mayen
2040,3,209,-17.886168,Svalbard And Jan Mayen
2040,4,209,-13.386293,Svalbard And Jan Mayen
2040,5,209,-6.146296,Svalbard And Jan Mayen
2040,6,209,0.95016444,Svalbard And Jan Mayen
2040,7,209,3.6232548,Svalbard And Jan Mayen
2040,8,209,3.4443002,Svalbard And Jan Mayen
2040,9,209,-0.578551,Svalbard And Jan Mayen
2040,10,209,-6.0806026,Svalbard And Jan Mayen
2040,11,209,-9.268696,Svalbard And Jan Mayen
2040,12,209,-12.74424,Svalbard And Jan Mayen
2040,1,210,21.762472,Swaziland
2040,2,210,21.813808,Swaziland
2040,3,210,22.108595,Swaziland
2040,4,210,19.420486,Swaziland
2040,5,210,16.801702,Swaziland
2040,6,210,14.027387,Swaziland
2040,7,210,14.511311,Swaziland
2040,8,210,16.190264,Swaziland
2040,9,210,18.516338,Swaziland
2040,10,210,20.127531,Swaziland
2040,11,210,21.051117,Swaziland
2040,12,210,22.662708,Swaziland
2040,1,211,-10.664515,Sweden
2040,2,211,-8.392202,Sweden
2040,3,211,-3.9488676,Sweden
2040,4,211,0.75972366,Sweden
2040,5,211,7.2255664,Sweden
2040,6,211,12.387557,Sweden
2040,7,211,14.084069,Sweden
2040,8,211,12.823353,Sweden
2040,9,211,8.63593,Sweden
2040,10,211,2.7341948,Sweden
2040,11,211,-2.2901082,Sweden
2040,12,211,-7.0011835,Sweden
2040,1,212,-3.057414,Switzerland
2040,2,212,-0.35044178,Switzerland
2040,3,212,2.5244465,Switzerland
2040,4,212,6.1529846,Switzerland
2040,5,212,10.838828,Switzerland
2040,6,212,14.18666,Switzerland
2040,7,212,16.04359,Switzerland
2040,8,212,15.630061,Switzerland
2040,9,212,12.735371,Switzerland
2040,10,212,7.904158,Switzerland
2040,11,212,2.8606107,Switzerland
2040,12,212,-0.8872736,Switzerland
2040,1,213,7.4798274,Syria
2040,2,213,10.437725,Syria
2040,3,213,13.148519,Syria
2040,4,213,17.539286,Syria
2040,5,213,22.860796,Syria
2040,6,213,26.917917,Syria
2040,7,213,28.79336,Syria
2040,8,213,28.731434,Syria
2040,9,213,25.655046,Syria
2040,10,213,20.199343,Syria
2040,11,213,14.395509,Syria
2040,12,213,8.570441,Syria
2040,1,214,16.087461,Taiwan
2040,2,214,17.02146,Taiwan
2040,3,214,18.687117,Taiwan
2040,4,214,21.67588,Taiwan
2040,5,214,24.258913,Taiwan
2040,6,214,26.157873,Taiwan
2040,7,214,27.728092,Taiwan
2040,8,214,27.639528,Taiwan
2040,9,214,26.245222,Taiwan
2040,10,214,23.76926,Taiwan
2040,11,214,20.612644,Taiwan
2040,12,214,18.32997,Taiwan
2040,1,215,-9.891036,Tajikistan
2040,2,215,-6.1642237,Tajikistan
2040,3,215,-0.49127525,Tajikistan
2040,4,215,5.8213744,Tajikistan
2040,5,215,10.264306,Tajikistan
2040,6,215,14.60226,Tajikistan
2040,7,215,16.360512,Tajikistan
2040,8,215,15.984711,Tajikistan
2040,9,215,11.800356,Tajikistan
2040,10,215,5.650773,Tajikistan
2040,11,215,-0.5856165,Tajikistan
2040,12,215,-6.3939323,Tajikistan
2040,1,216,22.739685,Tanzania
2040,2,216,23.03421,Tanzania
2040,3,216,23.947222,Tanzania
2040,4,216,22.888489,Tanzania
2040,5,216,22.171862,Tanzania
2040,6,216,21.421072,Tanzania
2040,7,216,21.377092,Tanzania
2040,8,216,21.389744,Tanzania
2040,9,216,22.474375,Tanzania
2040,10,216,23.665625,Tanzania
2040,11,216,23.316004,Tanzania
2040,12,216,23.164705,Tanzania
2040,1,217,24.421167,Thailand
2040,2,217,25.485573,Thailand
2040,3,217,27.677794,Thailand
2040,4,217,28.06917,Thailand
2040,5,217,27.905512,Thailand
2040,6,217,27.808249,Thailand
2040,7,217,27.613634,Thailand
2040,8,217,27.063908,Thailand
2040,9,217,26.96542,Thailand
2040,10,217,26.558573,Thailand
2040,11,217,24.962406,Thailand
2040,12,217,23.730583,Thailand
2040,1,218,27.439371,Timor Leste
2040,2,218,27.039484,Timor Leste
2040,3,218,27.605555,Timor Leste
2040,4,218,26.523844,Timor Leste
2040,5,218,26.189617,Timor Leste
2040,6,218,25.554373,Timor Leste
2040,7,218,25.348738,Timor Leste
2040,8,218,25.098232,Timor Leste
2040,9,218,25.590061,Timor Leste
2040,10,218,26.647772,Timor Leste
2040,11,218,27.309532,Timor Leste
2040,12,218,27.495678,Timor Leste
2040,1,219,27.873848,Togo
2040,2,219,28.834173,Togo
2040,3,219,29.6742,Togo
2040,4,219,28.309364,Togo
2040,5,219,27.40165,Togo
2040,6,219,26.095837,Togo
2040,7,219,25.754166,Togo
2040,8,219,25.385286,Togo
2040,9,219,25.62241,Togo
2040,10,219,26.476171,Togo
2040,11,219,26.761162,Togo
2040,12,219,26.980505,Togo
2040,1,220,25.92944,Tonga
2040,2,220,25.796467,Tonga
2040,3,220,26.190466,Tonga
2040,4,220,24.540577,Tonga
2040,5,220,22.743397,Tonga
2040,6,220,22.117973,Tonga
2040,7,220,20.814318,Tonga
2040,8,220,20.531992,Tonga
2040,9,220,21.742397,Tonga
2040,10,220,22.898502,Tonga
2040,11,220,23.80088,Tonga
2040,12,220,24.68021,Tonga
2040,1,221,26.19689,Trinidad And Tobago
2040,2,221,25.900986,Trinidad And Tobago
2040,3,221,26.852182,Trinidad And Tobago
2040,4,221,26.381622,Trinidad And Tobago
2040,5,221,27.148552,Trinidad And Tobago
2040,6,221,26.991934,Trinidad And Tobago
2040,7,221,27.305212,Trinidad And Tobago
2040,8,221,27.199503,Trinidad And Tobago
2040,9,221,26.844893,Trinidad And Tobago
2040,10,221,26.556314,Trinidad And Tobago
2040,11,221,26.046854,Trinidad And Tobago
2040,12,221,25.859554,Trinidad And Tobago
2040,1,222,11.734769,Tunisia
2040,2,222,13.963979,Tunisia
2040,3,222,15.629792,Tunisia
2040,4,222,18.961742,Tunisia
2040,5,222,22.643425,Tunisia
2040,6,222,27.00766,Tunisia
2040,7,222,29.218454,Tunisia
2040,8,222,29.312925,Tunisia
2040,9,222,26.055618,Tunisia
2040,10,222,20.829283,Tunisia
2040,11,222,16.114626,Tunisia
2040,12,222,12.047965,Tunisia
2040,1,223,2.2152596,Turkey
2040,2,223,4.509793,Turkey
2040,3,223,6.8228135,Turkey
2040,4,223,11.2501135,Turkey
2040,5,223,15.946258,Turkey
2040,6,223,19.826756,Turkey
2040,7,223,22.3304,Turkey
2040,8,223,22.612879,Turkey
2040,9,223,19.205458,Turkey
2040,10,223,14.529325,Turkey
2040,11,223,8.67663,Turkey
2040,12,223,3.6183834,Turkey
2040,1,224,-0.7516516,Turkmenistan
2040,2,224,3.1840181,Turkmenistan
2040,3,224,8.769135,Turkmenistan
2040,4,224,16.342628,Turkmenistan
2040,5,224,22.378216,Turkmenistan
2040,6,224,26.694809,Turkmenistan
2040,7,224,29.965454,Turkmenistan
2040,8,224,28.72766,Turkmenistan
2040,9,224,23.034256,Turkmenistan
2040,10,224,15.258394,Turkmenistan
2040,11,224,8.4265,Turkmenistan
2040,12,224,3.5469732,Turkmenistan
2040,1,225,24.760014,Turks And Caicas Islands
2040,2,225,24.374544,Turks And Caicas Islands
2040,3,225,25.210405,Turks And Caicas Islands
2040,4,225,25.746225,Turks And Caicas Islands
2040,5,225,27.41428,Turks And Caicas Islands
2040,6,225,28.665535,Turks And Caicas Islands
2040,7,225,29.238014,Turks And Caicas Islands
2040,8,225,29.255587,Turks And Caicas Islands
2040,9,225,28.884567,Turks And Caicas Islands
2040,10,225,27.755146,Turks And Caicas Islands
2040,11,225,26.710478,Turks And Caicas Islands
2040,12,225,25.535995,Turks And Caicas Islands
2040,1,226,24.052755,Uganda
2040,2,226,24.154846,Uganda
2040,3,226,24.627888,Uganda
2040,4,226,23.143105,Uganda
2040,5,226,23.268007,Uganda
2040,6,226,23.090355,Uganda
2040,7,226,22.427723,Uganda
2040,8,226,22.426275,Uganda
2040,9,226,22.830751,Uganda
2040,10,226,23.020113,Uganda
2040,11,226,23.070148,Uganda
2040,12,226,23.175745,Uganda
2040,1,227,-5.116703,Ukraine
2040,2,227,-3.727389,Ukraine
2040,3,227,1.3359914,Ukraine
2040,4,227,8.356566,Ukraine
2040,5,227,15.274656,Ukraine
2040,6,227,18.974852,Ukraine
2040,7,227,19.353722,Ukraine
2040,8,227,19.216578,Ukraine
2040,9,227,14.578288,Ukraine
2040,10,227,8.402641,Ukraine
2040,11,227,2.952752,Ukraine
2040,12,227,-1.4491684,Ukraine
2040,1,228,18.739195,United Arab Emirates
2040,2,228,20.346682,United Arab Emirates
2040,3,228,24.278614,United Arab Emirates
2040,4,228,27.610243,United Arab Emirates
2040,5,228,32.029858,United Arab Emirates
2040,6,228,34.92135,United Arab Emirates
2040,7,228,35.79035,United Arab Emirates
2040,8,228,35.453335,United Arab Emirates
2040,9,228,33.115387,United Arab Emirates
2040,10,228,29.226713,United Arab Emirates
2040,11,228,24.902784,United Arab Emirates
2040,12,228,20.577332,United Arab Emirates
2040,1,229,2.1426716,United Kingdom
2040,2,229,2.8011012,United Kingdom
2040,3,229,4.499363,United Kingdom
2040,4,229,6.305175,United Kingdom
2040,5,229,9.381062,United Kingdom
2040,6,229,12.477011,United Kingdom
2040,7,229,14.233701,United Kingdom
2040,8,229,14.048218,United Kingdom
2040,9,229,12.234366,United Kingdom
2040,10,229,9.72568,United Kingdom
2040,11,229,6.5867014,United Kingdom
2040,12,229,5.305282,United Kingdom
2040,1,230,1.7623092,United Kingdom (Europe)
2040,2,230,2.4265888,United Kingdom (Europe)
2040,3,230,4.048674,United Kingdom (Europe)
2040,4,230,6.5873623,United Kingdom (Europe)
2040,5,230,9.961842,United Kingdom (Europe)
2040,6,230,13.057792,United Kingdom (Europe)
2040,7,230,14.829927,United Kingdom (Europe)
2040,8,230,14.644444,United Kingdom (Europe)
2040,9,230,12.830593,United Kingdom (Europe)
2040,10,230,10.19082,United Kingdom (Europe)
2040,11,230,6.169553,United Kingdom (Europe)
2040,12,230,4.8712835,United Kingdom (Europe)
2040,1,231,-5.3761244,United States
2040,2,231,-3.342349,United States
2040,3,231,2.2005806,United States
2040,4,231,7.944422,United States
2040,5,231,13.51843,United States
2040,6,231,18.443596,United States
2040,7,231,21.254332,United States
2040,8,231,20.653664,United States
2040,9,231,16.502903,United States
2040,10,231,10.291514,United States
2040,11,231,3.007127,United States
2040,12,231,-1.7565398,United States
2040,1,232,23.1957,Uruguay
2040,2,232,23.060118,Uruguay
2040,3,232,21.060625,Uruguay
2040,4,232,16.71302,Uruguay
2040,5,232,14.848139,Uruguay
2040,6,232,12.656108,Uruguay
2040,7,232,12.126019,Uruguay
2040,8,232,12.826834,Uruguay
2040,9,232,14.608944,Uruguay
2040,10,232,17.07306,Uruguay
2040,11,232,19.42787,Uruguay
2040,12,232,22.695135,Uruguay
2040,1,233,-3.7320354,Uzbekistan
2040,2,233,-1.2075082,Uzbekistan
2040,3,233,6.05368,Uzbekistan
2040,4,233,14.154356,Uzbekistan
2040,5,233,20.733301,Uzbekistan
2040,6,233,25.187012,Uzbekistan
2040,7,233,28.044693,Uzbekistan
2040,8,233,26.418152,Uzbekistan
2040,9,233,20.419176,Uzbekistan
2040,10,233,13.037535,Uzbekistan
2040,11,233,5.359691,Uzbekistan
2040,12,233,2.0948284,Uzbekistan
2040,1,234,24.941996,Venezuela
2040,2,234,25.880424,Venezuela
2040,3,234,26.256403,Venezuela
2040,4,234,26.148825,Venezuela
2040,5,234,25.795471,Venezuela
2040,6,234,24.861942,Venezuela
2040,7,234,25.016335,Venezuela
2040,8,234,25.437798,Venezuela
2040,9,234,25.883387,Venezuela
2040,10,234,25.560005,Venezuela
2040,11,234,25.651667,Venezuela
2040,12,234,25.157347,Venezuela
2040,1,235,19.820517,Vietnam
2040,2,235,20.68874,Vietnam
2040,3,235,23.300455,Vietnam
2040,4,235,25.342209,Vietnam
2040,5,235,26.891375,Vietnam
2040,6,235,27.17948,Vietnam
2040,7,235,27.28404,Vietnam
2040,8,235,27.154236,Vietnam
2040,9,235,25.707125,Vietnam
2040,10,235,24.224682,Vietnam
2040,11,235,22.269943,Vietnam
2040,12,235,20.373486,Vietnam
2040,1,236,24.75412,Virgin Islands
2040,2,236,25.266758,Virgin Islands
2040,3,236,25.687471,Virgin Islands
2040,4,236,25.980265,Virgin Islands
2040,5,236,26.971891,Virgin Islands
2040,6,236,27.813858,Virgin Islands
2040,7,236,28.1072,Virgin Islands
2040,8,236,28.27053,Virgin Islands
2040,9,236,28.065573,Virgin Islands
2040,10,236,27.505566,Virgin Islands
2040,11,236,26.673014,Virgin Islands
2040,12,236,25.53637,Virgin Islands
2040,1,237,17.717964,Western Sahara
2040,2,237,19.082602,Western Sahara
2040,3,237,21.073565,Western Sahara
2040,4,237,22.020073,Western Sahara
2040,5,237,23.477884,Western Sahara
2040,6,237,25.604807,Western Sahara
2040,7,237,27.8248,Western Sahara
2040,8,237,28.451197,Western Sahara
2040,9,237,26.96554,Western Sahara
2040,10,237,24.050495,Western Sahara
2040,11,237,20.828169,Western Sahara
2040,12,237,17.798481,Western Sahara
2040,1,238,21.00933,Yemen
2040,2,238,22.756098,Yemen
2040,3,238,25.459743,Yemen
2040,4,238,27.569899,Yemen
2040,5,238,29.5702,Yemen
2040,6,238,30.925365,Yemen
2040,7,238,30.827126,Yemen
2040,8,238,30.501606,Yemen
2040,9,238,29.227718,Yemen
2040,10,238,26.330715,Yemen
2040,11,238,23.637346,Yemen
2040,12,238,21.466314,Yemen
2040,1,239,22.210627,Zambia
2040,2,239,22.64632,Zambia
2040,3,239,22.478819,Zambia
2040,4,239,21.417147,Zambia
2040,5,239,19.501526,Zambia
2040,6,239,17.322517,Zambia
2040,7,239,17.147158,Zambia
2040,8,239,19.5815,Zambia
2040,9,239,23.120573,Zambia
2040,10,239,24.91415,Zambia
2040,11,239,23.968182,Zambia
2040,12,239,22.385248,Zambia
2040,1,240,23.46292,Zimbabwe
2040,2,240,23.62589,Zimbabwe
2040,3,240,22.979136,Zimbabwe
2040,4,240,21.139574,Zimbabwe
2040,5,240,18.732416,Zimbabwe
2040,6,240,16.052362,Zimbabwe
2040,7,240,15.949541,Zimbabwe
2040,8,240,18.478176,Zimbabwe
2040,9,240,22.481878,Zimbabwe
2040,10,240,24.35523,Zimbabwe
2040,11,240,24.238626,Zimbabwe
2040,12,240,23.028934,Zimbabwe
2040,1,241,-5.4437304,Åland
2040,2,241,-5.999035,Åland
2040,3,241,-1.5687047,Åland
2040,4,241,1.4414902,Åland
2040,5,241,7.1670547,Åland
2040,6,241,12.628273,Åland
2040,7,241,14.397643,Åland
2040,8,241,15.17755,Åland
2040,9,241,11.085317,Åland
2040,10,241,6.3997235,Åland
2040,11,241,3.5310678,Åland
2040,12,241,-0.87757355,Åland
